Player,Age,Team,Pos,GP,G,A,PTS,+/-,PIM,EVG,PPG,SHG,GWG,EV,PP,SH,SOG,SPCT,TOI,ATOI,Awards
Nikita Kucherov,30,TBL,RW,81,44,100,144,8,22,31,13,0,6,60,40,0,306,14.4,1755:10,21:40,"ASG,ASnhl-1,Byng-22,Hart-2,Ross-1"
Nathan MacKinnon,28,COL,C,82,51,89,140,35,42,41,10,0,9,51,38,0,405,12.6,1870:46,22:49,"ASG,ASnhl-1,Hart-1,Selke-37,Pearson-1"
Connor McDavid,27,EDM,C,76,32,100,132,35,30,24,7,1,5,63,37,0,263,12.2,1623:18,21:22,"ASG,ASnhl-2,Byng-29,Hart-3,Selke-30"
Artemi Panarin,32,NYR,LW,82,49,71,120,18,24,38,11,0,5,37,33,1,303,16.2,1649:45,20:07,"ASnhl-1,Byng-15,Hart-5"
David Pastrňák,27,BOS,RW,82,47,63,110,21,47,35,12,0,5,40,23,0,382,12.3,1634:14,19:56,"ASG,ASnhl-2,Byng-49,Hart-8"
Auston Matthews,26,TOR,C,81,69,38,107,31,20,51,18,0,8,26,11,1,369,18.7,1698:17,20:58,"ASG,ASnhl-3,Byng-3,Hart-4,Richard-1,Selke-3"
Leon Draisaitl,28,EDM,C,81,41,65,106,26,76,20,21,0,7,45,18,2,217,18.9,1676:20,20:42,ASG
Mikko Rantanen,27,COL,RW,80,42,62,104,19,50,28,14,0,9,36,26,0,271,15.5,1832:27,22:54,ASnhl-4
J.T. Miller,30,VAN,C,81,37,66,103,32,58,25,10,2,9,36,30,0,194,19.1,1578:41,19:29,"ASG,ASnhl-7,Hart-11,Selke-15"
William Nylander,27,TOR,C,82,40,58,98,1,24,26,11,3,7,33,24,1,316,12.7,1632:55,19:55,"ASG,ASnhl-6,Byng-37"
Kirill Kaprizov,26,MIN,LW,75,46,50,96,11,36,27,19,0,8,28,22,0,277,16.6,1618:16,21:35,"ASG,ASnhl-3,Byng-71"
Sidney Crosby,36,PIT,C,82,42,52,94,7,40,32,10,0,3,39,13,0,278,15.1,1647:07,20:05,"ASG,ASnhl-4,Byng-59,Hart-9,Selke-9"
Filip Forsberg,29,NSH,C,82,48,46,94,16,43,35,13,0,11,27,19,0,347,13.8,1550:15,18:54,"ASG,ASnhl-2"
Sam Reinhart,28,FLA,C,82,57,37,94,29,31,25,27,5,11,30,7,0,233,24.5,1664:35,20:18,"ASG,ASnhl-3,Byng-41,Hart-12,Selke-4"
Quinn Hughes,24,VAN,D,82,17,75,92,38,38,12,5,0,2,42,33,0,199,8.5,2024:10,24:41,"ASG,ASnhl-1,Hart-7,Norris-1"
Cale Makar,25,COL,D,77,21,69,90,15,16,13,7,1,1,34,32,3,231,9.1,1907:16,24:46,"ASG,ASnhl-3,Byng-7,Norris-3"
Brayden Point,27,TBL,C,81,46,44,90,-16,14,31,15,0,12,27,17,0,227,20.3,1623:10,20:02,Byng-4
Sebastian Aho,26,CAR,F,78,36,53,89,34,36,24,11,1,10,31,21,1,216,16.7,1530:57,19:38,"ASG,Byng-57,Hart-12,Selke-11"
Elias Pettersson,25,VAN,C,82,34,55,89,20,12,21,13,0,10,35,18,2,207,16.4,1611:20,19:39,"ASG,Byng-2,Selke-26"
Matthew Tkachuk,26,FLA,LW,80,26,62,88,19,88,19,6,1,2,36,26,0,280,9.3,1491:12,18:38,ASnhl-4
Robert Thomas,24,STL,C,82,26,60,86,9,48,17,8,1,3,39,19,2,170,15.3,1719:15,20:58,"ASG,Selke-25"
Roman Josi,33,NSH,D,82,23,62,85,12,45,14,9,0,5,37,24,1,268,8.6,2019:45,24:38,"ASnhl-2,Hart-10,Norris-2"
Mitch Marner,26,TOR,RW,69,26,59,85,21,18,17,8,1,2,40,19,0,158,16.5,1468:05,21:17,"ASG,ASnhl-7,Byng-31,Selke-17"
Jesper Bratt,25,NJD,W,82,27,56,83,-6,12,20,7,0,7,35,20,1,248,10.9,1583:12,19:18,"ASG,Byng-8,Selke-37"
Evan Bouchard,24,EDM,D,81,18,64,82,34,32,10,8,0,7,37,27,0,220,8.2,1862:46,22:60,"ASnhl-5,Byng-49,Norris-5"
Steven Stamkos,33,TBL,C,79,40,41,81,-21,34,21,19,0,6,21,20,0,262,15.3,1440:03,18:14,Byng-63
Aleksander Barkov,28,FLA,C,73,23,57,80,33,24,18,5,0,4,31,24,2,193,11.9,1433:29,19:38,"Byng-12,Selke-1"
Mathew Barzal,26,NYI,C,80,23,57,80,-4,34,18,5,0,4,37,20,0,240,9.6,1610:36,20:08,ASG
Jason Robertson,24,DAL,LW,82,29,51,80,19,22,20,9,0,4,32,19,0,231,12.6,1502:38,18:19,"ASnhl-8,Byng-49,Selke-14"
Zach Hyman,31,EDM,LW,80,54,23,77,36,48,39,15,0,7,18,5,0,290,18.6,1560:02,19:30,"ASnhl-5,Byng-64"
Nick Suzuki,24,MTL,C,82,33,44,77,-14,36,21,12,0,1,25,19,0,185,17.8,1743:39,21:16,"ASG,Byng-48,Selke-13"
Vincent Trocheck,30,NYR,C,82,25,52,77,16,55,13,11,1,5,39,13,0,215,11.6,1759:17,21:27,"ASG,Selke-16"
Victor Hedman,33,TBL,D,78,13,63,76,18,76,9,4,0,2,36,27,0,168,7.7,1934:44,24:48,"ASnhl-6,Norris-6"
Clayton Keller,25,ARI,C,78,33,43,76,-20,32,24,9,0,4,22,21,0,228,14.5,1501:10,19:15,ASG
Brandon Hagel,25,TBL,LW,82,26,49,75,1,79,24,2,0,3,42,5,2,184,14.1,1578:59,19:15,Selke-30
Nazem Kadri,33,CGY,C,82,29,46,75,0,43,19,10,0,4,34,12,0,277,10.5,1510:55,18:26,
Adrian Kempe,27,LAK,LW,77,28,47,75,13,72,20,5,3,4,24,22,1,246,11.4,1457:55,18:56,
Chris Kreider,32,NYR,LW,82,39,36,75,19,26,19,18,2,7,22,11,3,246,15.9,1540:15,18:47,
Gustav Nyquist,34,NSH,RW,81,23,52,75,7,8,17,5,1,4,32,19,1,153,15.0,1437:08,17:45,Byng-6
Jack Hughes,22,NJD,C,62,27,47,74,-12,12,18,9,0,4,25,22,0,274,9.9,1300:23,20:58,Byng-35
Brady Tkachuk,24,OTT,LW,81,37,37,74,1,134,25,12,0,2,27,10,0,357,10.4,1550:31,19:09,"ASG,ASnhl-6"
Brock Boeser,26,VAN,RW,81,40,33,73,23,14,24,16,0,4,24,9,0,204,19.6,1506:47,18:36,"ASG,ASnhl-8,Byng-16"
Kevin Fiala,27,LAK,LW,82,29,44,73,1,62,18,11,0,2,25,19,0,225,12.9,1478:55,18:02,"Byng-71,Selke-37"
Adam Fox,25,NYR,D,72,17,56,73,21,36,10,6,1,5,28,27,1,137,12.4,1687:56,23:27,"ASnhl-4,Norris-4"
Lucas Raymond,21,DET,LW,82,31,41,72,-12,30,25,6,0,4,31,10,0,163,19.0,1455:46,17:45,
Mark Scheifele,30,WPG,C,74,25,47,72,19,57,19,6,0,4,35,12,0,154,16.2,1493:44,20:11,
Carter Verhaeghe,28,FLA,C,76,34,38,72,17,36,26,8,0,7,25,13,0,246,13.8,1365:09,17:58,
Mika Zibanejad,30,NYR,C,81,26,46,72,15,30,12,12,2,3,23,19,4,221,11.8,1599:15,19:45,"Byng-49,Selke-30"
Noah Dobson,24,NYI,D,79,10,60,70,12,36,9,1,0,4,36,23,1,174,5.7,1936:15,24:31,"ASnhl-8,Norris-8"
Anže Kopitar,36,LAK,C,81,26,44,70,11,22,16,9,1,6,28,14,2,133,19.5,1592:19,19:39,"Byng-11,Selke-5"
Tim Stützle,22,OTT,LW,75,18,52,70,-17,28,17,1,0,2,33,19,0,192,9.4,1583:53,21:07,
Matt Boldy,22,MIN,LW,75,29,40,69,5,48,19,10,0,7,25,15,0,227,12.8,1418:20,18:55,
Dylan Larkin,27,DET,C,68,33,36,69,5,39,17,14,2,5,24,12,0,221,14.9,1371:44,20:10,
Jonathan Marchessault,33,VEG,C,82,42,27,69,-2,40,34,8,0,5,18,9,0,266,15.8,1467:23,17:54,
Josh Morrissey,28,WPG,D,81,10,59,69,34,44,8,2,0,1,42,17,0,196,5.1,1958:46,24:11,"ASnhl-7,Norris-7"
Brock Nelson,32,NYI,C,82,34,35,69,-5,28,24,9,1,2,24,10,1,250,13.6,1482:51,18:05,
Ryan O'Reilly,32,NSH,C,82,26,43,69,6,18,12,14,0,1,29,14,0,180,14.4,1620:48,19:46,"Byng-25,Selke-36"
Jack Eichel,27,VEG,C,63,31,37,68,4,27,20,11,0,7,24,11,2,278,11.2,1292:45,20:31,
Bo Horvat,28,NYI,C,81,33,35,68,-1,39,22,10,1,6,26,8,1,248,13.3,1595:12,19:42,
Travis Konecny,26,PHI,C,76,33,35,68,4,67,23,4,6,5,29,5,1,244,13.5,1507:52,19:50,ASG
Alex DeBrincat,26,DET,RW,82,27,40,67,1,34,16,11,0,1,32,8,0,237,11.4,1467:09,17:54,ASG
Nico Hischier,25,NJD,C,71,27,40,67,-5,12,20,6,1,4,29,11,0,182,14.8,1383:14,19:29,"Byng-14,Selke-19"
Seth Jarvis,21,CAR,C,81,33,34,67,23,14,18,13,2,9,26,7,1,176,18.8,1518:45,18:45,"Byng-20,Selke-8"
Jordan Kyrou,25,STL,C,82,31,36,67,-12,22,23,8,0,4,23,13,0,251,12.4,1503:12,18:20,
Evgeni Malkin,37,PIT,C,82,27,40,67,5,70,21,6,0,2,28,12,0,199,13.6,1523:56,18:35,
Brad Marchand,35,BOS,LW,82,29,38,67,2,78,19,7,3,6,18,19,1,207,14.0,1566:21,19:06,"ASnhl-9,Selke-27"
Ryan Nugent-Hopkins,30,EDM,C,80,18,49,67,10,36,14,4,0,3,24,22,3,183,9.8,1569:56,19:37,
Joe Pavelski,39,DAL,C,82,27,40,67,12,20,16,11,0,4,30,10,0,194,13.9,1378:22,16:49,Byng-23
Dylan Strome,26,WSH,C,82,27,40,67,-13,22,21,6,0,5,24,16,0,169,16.0,1471:54,17:57,
Drake Batherson,25,OTT,C,82,28,38,66,-9,42,21,7,0,4,23,15,0,196,14.3,1490:13,18:10,
Cole Caufield,23,MTL,RW,82,28,37,65,-4,16,19,9,0,7,25,12,0,314,8.9,1592:29,19:25,Byng-64
Matt Duchene,33,DAL,C,80,25,40,65,15,20,19,6,0,7,30,10,0,172,14.5,1341:18,16:46,
Roope Hintz,27,DAL,LW,80,30,35,65,26,22,19,8,3,6,23,11,1,182,16.5,1379:11,17:14,"Byng-71,Selke-6"
Wyatt Johnston,20,DAL,C,82,32,33,65,14,38,26,3,3,3,26,7,0,216,14.8,1394:12,17:00,
Alex Ovechkin,38,WSH,LW,79,31,34,65,-22,20,18,13,0,5,19,15,0,272,11.4,1518:28,19:13,
John Tavares,33,TOR,C,80,29,36,65,2,30,20,9,0,6,25,11,0,279,10.4,1429:12,17:52,
Joel Eriksson Ek,27,MIN,C,77,30,34,64,18,60,17,12,1,5,25,9,0,267,11.2,1580:37,20:32,Selke-10
Claude Giroux,36,OTT,C,82,21,43,64,-14,26,16,3,2,2,26,16,1,183,11.5,1647:33,20:06,
Pavel Buchnevich,28,STL,LW,80,27,36,63,3,48,17,8,2,5,25,10,1,207,13.0,1585:58,19:49,
Mats Zuccarello,36,MIN,LW,69,12,51,63,-5,30,7,5,0,1,23,28,0,173,6.9,1303:35,18:54,
Mike Matheson,29,MTL,D,82,11,51,62,-24,58,4,5,2,0,28,23,0,187,5.9,2095:20,25:33,ASnhl-16
Jared McCann,27,SEA,C,80,29,33,62,-10,31,18,9,2,3,19,14,0,216,13.4,1340:53,16:46,
Connor Bedard,18,CHI,C,68,22,39,61,-44,28,18,4,0,2,22,17,0,206,10.7,1345:16,19:47,"AR-1,Calder-1"
Kyle Connor,27,WPG,LW,65,34,27,61,-6,6,29,5,0,10,13,14,0,221,15.4,1282:06,19:43,"ASG,Byng-5"
Nikolaj Ehlers,27,WPG,LW,82,25,36,61,27,29,25,0,0,7,29,7,0,233,10.7,1301:39,15:52,
Nick Schmaltz,27,ARI,C,79,22,39,61,-16,10,11,10,1,3,28,11,0,158,13.9,1515:03,19:11,Byng-39
Jamie Benn,34,DAL,LW,82,21,39,60,8,41,13,7,1,3,22,15,2,164,12.8,1239:50,15:07,Selke-27
Charlie Coyle,31,BOS,C,82,25,35,60,-2,38,17,7,1,5,27,4,4,147,17.0,1481:27,18:04,"Byng-64,Selke-22"
Johnny Gaudreau,30,CBJ,LW,81,12,48,60,-27,22,11,1,0,3,31,17,0,160,7.5,1523:51,18:49,
Mikael Granlund,31,SJS,C,69,12,48,60,-23,32,11,1,0,1,25,22,1,134,9.0,1446:12,20:58,
William Karlsson,31,VEG,C,70,30,30,60,15,22,22,7,1,2,21,8,1,175,17.1,1232:07,17:36,Selke-18
Frank Vatrano,29,ANA,LW,82,37,23,60,-20,85,21,13,3,7,15,7,1,272,13.6,1504:16,18:21,ASG
Oliver Bjorkstrand,28,SEA,RW,82,20,39,59,-20,12,12,8,0,3,22,17,0,186,10.8,1327:00,16:11,"ASG,Byng-21"
Rasmus Dahlin,23,BUF,D,81,20,39,59,-3,66,14,6,0,2,25,14,0,235,8.5,2059:13,25:25,"ASG,ASnhl-13,Norris-15"
Yegor Sharangovich,25,CGY,C,82,31,28,59,-29,8,22,6,3,4,13,11,4,179,17.3,1419:49,17:19,Byng-26
Alex Tuch,27,BUF,RW,75,22,37,59,9,54,19,2,1,7,28,9,0,192,11.5,1462:47,19:30,
Pavel Zacha,26,BOS,C,78,21,38,59,12,18,15,6,0,6,29,9,0,148,14.2,1412:19,18:06,Selke-27
Morgan Rielly,29,TOR,D,72,7,51,58,7,27,6,1,0,0,32,19,0,173,4.0,1709:22,23:44,"ASG,Byng-71"
Alexis Lafrenière,22,NYR,LW,82,28,29,57,2,40,26,2,0,5,25,4,0,217,12.9,1415:54,17:16,Byng-59
Matias Maccelli,23,ARI,LW,82,17,40,57,-4,8,15,2,0,2,29,10,1,149,11.4,1331:11,16:14,Byng-36
Trevor Moore,28,LAK,LW,82,31,26,57,11,28,27,2,2,5,21,5,0,244,12.7,1474:21,17:59,
Zach Werenski,26,CBJ,D,70,11,46,57,0,22,9,2,0,0,36,10,0,202,5.4,1711:36,24:27,Byng-71
Jonathan Drouin,28,COL,LW,79,19,37,56,12,28,14,5,0,2,23,14,0,127,15.0,1436:38,18:11,Byng-57
Shayne Gostisbehere,30,DET,D,81,10,46,56,-16,16,8,2,0,2,19,27,0,139,7.2,1546:05,19:05,
Erik Karlsson,33,PIT,D,82,11,45,56,4,44,9,2,0,4,30,15,0,213,5.2,1990:01,24:16,
Bryan Rust,31,PIT,RW,62,28,28,56,10,20,24,3,1,3,22,6,0,196,14.3,1213:51,19:35,
Tage Thompson,26,BUF,C,71,29,27,56,-1,43,18,9,2,3,20,7,0,246,11.8,1286:23,18:07,
Quinton Byfield,21,LAK,C,80,20,35,55,19,42,14,6,0,4,27,8,0,161,12.4,1318:42,16:29,
Blake Coleman,32,CGY,C,78,30,24,54,19,76,23,3,4,7,22,0,2,191,15.7,1336:23,17:08,Selke-21
Miro Heiskanen,24,DAL,D,71,9,45,54,8,36,7,2,0,2,26,19,0,162,5.6,1742:22,24:32,"ASnhl-10,Norris-10"
Philipp Kurashev,24,CHI,C,75,18,36,54,-44,23,12,6,0,3,23,13,0,128,14.1,1426:23,19:01,
Kyle Palmieri,32,NYI,RW,82,30,24,54,-16,26,20,10,0,8,14,10,0,218,13.8,1412:01,17:13,
Troy Terry,26,ANA,C,76,20,34,54,-10,24,16,4,0,5,25,9,0,172,11.6,1389:53,18:17,
Mason Marchment,28,DAL,F,81,22,31,53,22,54,16,6,0,3,26,5,0,150,14.7,1219:48,15:04,
Martin Nečas,25,CAR,C,77,24,29,53,-9,42,16,8,0,3,24,5,0,231,10.4,1336:26,17:21,
Valeri Nichushkin,28,COL,RW,54,28,25,53,5,22,12,16,0,6,18,5,2,158,17.7,1152:55,21:21,
Mark Stone,31,VEG,RW,56,16,37,53,1,22,10,4,2,5,25,10,2,117,13.7,1086:48,19:24,
Teuvo Teräväinen,29,CAR,F,76,25,28,53,15,10,15,9,1,4,17,8,3,142,17.6,1246:32,16:24,Byng-18
Owen Tippett,24,PHI,RW,78,28,25,53,-5,12,23,5,0,4,22,3,0,289,9.7,1293:43,16:35,Byng-70
John Carlson,34,WSH,D,82,10,42,52,-7,40,4,6,0,5,27,15,0,176,5.7,2123:07,25:54,ASnhl-17
Jake Guentzel,29,2TM,C,67,30,47,77,25,22,25,5,0,2,30,17,0,238,12.6,1341:23,20:01,Byng-37
Jake Guentzel,29,PIT,C,50,22,30,52,9,14,18,4,0,2,21,9,0,185,11.9,1043:54,20:53,
Jake Guentzel,29,CAR,C,17,8,17,25,16,8,7,1,0,0,9,8,0,53,15.1,297:29,17:30,
Jonathan Huberdeau,30,CGY,LW,81,12,40,52,-29,49,8,4,0,2,25,15,0,143,8.4,1411:11,17:25,
Timo Meier,27,NJD,RW,69,28,24,52,-28,45,18,10,0,4,17,7,0,207,13.5,1214:30,17:36,
Tyler Seguin,32,DAL,C,68,25,27,52,10,26,22,3,0,3,20,5,2,154,16.2,1125:12,16:33,
Andrei Svechnikov,23,CAR,RW,59,19,33,52,13,58,14,5,0,8,21,12,0,144,13.2,1001:48,16:59,
MacKenzie Weegar,30,CGY,D,82,20,32,52,2,51,17,3,0,2,18,12,2,208,9.6,1880:17,22:56,
Kris Letang,36,PIT,D,82,10,41,51,13,62,10,0,0,2,35,5,1,164,6.1,2024:27,24:41,
Chandler Stephenson,29,VEG,C,75,16,35,51,-9,25,10,4,2,4,25,9,1,97,16.5,1386:16,18:29,
Drew Doughty,34,LAK,D,82,15,35,50,15,44,8,7,0,3,22,13,0,135,11.1,2115:04,25:48,"ASnhl-11,Norris-11"
Joel Farabee,23,PHI,LW,82,22,28,50,-13,37,20,2,0,2,23,5,0,182,12.1,1327:17,16:11,
JJ Peterka,22,BUF,RW,82,28,22,50,10,28,25,3,0,5,18,4,0,226,12.4,1344:11,16:24,
Juraj Slafkovsky,19,MTL,LW,82,20,30,50,-19,55,14,6,0,2,22,8,0,152,13.2,1470:44,17:56,
Devon Toews,29,COL,D,82,12,38,50,28,18,12,0,0,2,31,5,2,159,7.5,1921:11,23:26,Byng-24
J.T. Compher,28,DET,LW,77,19,29,48,-5,34,12,5,2,0,24,5,0,108,17.6,1492:54,19:23,
Filip Hronek,26,VAN,D,81,5,43,48,33,38,3,2,0,0,34,9,0,148,3.4,1898:45,23:26,
Dylan Cozens,22,BUF,C,79,18,29,47,-4,42,13,2,3,1,21,8,0,200,9.0,1360:49,17:14,
Phillip Danault,30,LAK,C,78,17,30,47,12,18,14,3,0,2,22,6,2,159,10.7,1405:39,18:01,Byng-47
Max Domi,28,TOR,LW,80,9,38,47,10,118,8,1,0,1,37,1,0,137,6.6,1102:48,13:47,
Brock Faber,21,MIN,D,82,8,39,47,-1,26,5,3,0,1,26,13,0,136,5.9,2047:53,24:58,"AR-1,Byng-49,Calder-2"
Conor Garland,27,VAN,RW,82,20,27,47,19,35,19,1,0,3,23,4,0,200,10.0,1192:09,14:32,Selke-23
Thomas Harley,22,DAL,D,79,15,32,47,28,18,13,1,1,3,24,8,0,144,10.4,1660:20,21:01,Byng-71
Luke Hughes,20,NJD,D,82,9,38,47,-25,28,5,4,0,1,17,21,0,135,6.7,1760:50,21:28,"AR-1,AR-2,Calder-3"
Patrick Kane,35,DET,RW,50,20,27,47,-5,16,18,2,0,7,14,13,0,147,13.6,918:49,18:23,Byng-19
Charlie McAvoy,26,BOS,D,74,12,35,47,4,86,11,1,0,3,23,12,0,133,9.0,1838:36,24:51,"ASnhl-15,Norris-13"
Casey Mittelstadt,25,2TM,C,80,18,39,57,10,32,15,3,0,1,33,6,0,127,14.2,1418:22,17:44,
Casey Mittelstadt,25,BUF,C,62,14,33,47,12,28,12,2,0,1,27,6,0,102,13.7,1132:45,18:16,
Casey Mittelstadt,25,COL,C,18,4,6,10,-2,4,3,1,0,0,6,0,0,25,16.0,285:37,15:52,
David Perron,35,DET,LW,76,17,30,47,-12,55,10,7,0,4,20,10,0,151,11.3,1187:48,15:38,
Brady Skjei,29,CAR,D,80,13,34,47,15,40,11,1,1,2,20,11,3,185,7.0,1702:15,21:17,
Vince Dunn,27,SEA,D,59,11,35,46,8,78,7,4,0,0,22,12,1,120,9.2,1362:08,23:05,
Nick Paul,28,TBL,LW,82,24,22,46,-16,27,15,9,0,2,17,5,0,153,15.7,1415:19,17:16,
Brayden Schenn,32,STL,C,82,20,26,46,-22,56,15,4,1,3,18,8,0,170,11.8,1458:02,17:47,
Jeff Skinner,31,BUF,LW,74,24,22,46,-2,34,16,8,0,3,18,4,0,211,11.4,1183:43,15:60,
Ivan Barbashev,28,VEG,C,82,19,26,45,15,42,16,3,0,3,24,2,0,122,15.6,1321:17,16:07,
Nick Bjugstad,31,ARI,C,76,22,23,45,11,59,19,2,1,2,19,4,0,165,13.3,1325:48,17:27,
Anthony Cirelli,26,TBL,C,79,20,25,45,2,38,15,3,2,3,21,4,0,129,15.5,1462:59,18:31,Selke-23
Mattias Ekholm,33,EDM,D,79,11,34,45,44,47,8,2,1,3,33,1,0,177,6.2,1662:54,21:03,"ASnhl-12,Norris-12"
William Eklund,21,SJS,LW,80,16,29,45,-45,30,8,8,0,5,20,8,1,128,12.5,1492:58,18:40,
Ryan Hartman,29,MIN,RW,74,21,24,45,4,72,16,5,0,3,19,5,0,173,12.1,1222:14,16:31,
Alexander Kerfoot,29,ARI,C,82,13,32,45,-15,26,9,2,2,3,21,10,1,103,12.6,1429:36,17:26,Selke-30
Thomas Novak,26,NSH,C,71,18,27,45,-3,8,12,6,0,1,21,6,0,113,15.9,1008:15,14:12,Byng-46
Logan Cooley,19,ARI,C,82,20,24,44,-13,18,16,3,1,2,14,10,0,151,13.2,1296:49,15:49,"AR-1,AR-3,Calder-5"
Jordan Eberle,33,SEA,RW,78,17,27,44,1,17,11,6,0,3,21,6,0,168,10.1,1360:42,17:27,
Evander Kane,32,EDM,LW,77,24,20,44,-4,85,21,2,1,3,15,5,0,220,10.9,1291:49,16:47,
Travis Sanheim,27,PHI,D,81,10,34,44,-20,48,9,0,1,3,26,5,3,146,6.8,1928:14,23:48,
Tyler Toffoli,31,2TM,C,79,33,22,55,-6,14,22,11,0,4,15,7,0,229,14.4,1339:51,16:58,Byng-49
Tyler Toffoli,31,NJD,C,61,26,18,44,-15,12,18,8,0,2,12,6,0,179,14.5,1069:38,17:32,
Tyler Toffoli,31,WPG,C,18,7,4,11,9,2,4,3,0,2,3,1,0,50,14.0,270:13,15:01,
Fabian Zetterlund,24,SJS,W,82,24,20,44,-34,33,17,6,1,0,10,10,0,204,11.8,1546:12,18:51,
Tyler Bertuzzi,28,TOR,LW,80,21,22,43,2,53,16,5,0,2,21,1,0,160,13.1,1283:39,16:03,
Brent Burns,38,CAR,D,82,10,33,43,19,20,5,4,1,0,17,16,0,185,5.4,1763:04,21:30,Byng-64
Daniel Sprong,26,DET,RW,76,18,25,43,-5,22,15,3,0,1,16,9,0,160,11.3,912:02,12:00,
Lawson Crouse,26,ARI,LW,81,23,19,42,-7,36,16,7,0,2,15,3,1,171,13.5,1362:11,16:49,
Adam Henrique,33,2TM,C,82,24,27,51,9,37,17,5,2,4,19,5,3,140,17.1,1381:38,16:51,
Adam Henrique,33,ANA,C,60,18,24,42,3,33,11,5,2,3,16,5,3,111,16.2,1055:28,17:35,
Adam Henrique,33,EDM,C,22,6,3,9,6,4,6,0,0,1,3,0,0,29,20.7,326:10,14:50,
Kirill Marchenko,23,CBJ,RW,78,23,19,42,-5,14,14,9,0,1,15,4,0,193,11.9,1280:17,16:25,
Mason McTavish,21,ANA,C,64,19,23,42,-23,86,14,4,1,3,18,4,1,130,14.6,1041:39,16:17,
Brandon Saad,31,STL,LW,82,26,16,42,-4,20,21,5,0,7,16,0,0,144,18.1,1271:15,15:30,
Moritz Seider,22,DET,D,82,9,33,42,-7,51,6,3,0,0,18,14,1,135,6.7,1833:29,22:22,
Shea Theodore,28,VEG,D,47,5,37,42,4,6,3,2,0,1,24,13,0,105,4.8,1038:09,22:05,Byng-17
Sam Bennett,27,FLA,C,69,20,21,41,17,100,15,5,0,2,14,7,0,171,11.7,1146:05,16:37,
Jakob Chychrun,25,OTT,D,82,14,27,41,-30,60,7,7,0,2,18,9,0,204,6.9,1835:58,22:23,
Sean Durzi,25,ARI,D,76,9,32,41,-1,63,6,3,0,1,19,13,0,142,6.3,1726:41,22:43,
Warren Foegele,27,EDM,LW,82,20,21,41,3,47,18,1,1,2,20,0,1,201,10.0,1146:01,13:59,
Morgan Frost,24,PHI,C,71,13,28,41,4,22,10,3,0,1,20,8,0,135,9.6,1123:43,15:50,
Nicolas Roy,26,VEG,C,70,13,28,41,8,29,11,1,1,2,22,6,0,112,11.6,1081:41,15:27,
Ryan Strome,30,ANA,C,79,11,30,41,-20,86,9,2,0,0,17,13,0,131,8.4,1248:07,15:48,
Vladimir Tarasenko,32,2TM,RW,76,23,32,55,13,12,20,3,0,5,26,6,0,155,14.8,1196:00,15:44,Byng-40
Vladimir Tarasenko,32,OTT,RW,57,17,24,41,13,12,15,2,0,4,18,6,0,116,14.7,914:48,16:03,
Vladimir Tarasenko,32,FLA,RW,19,6,8,14,0,0,5,1,0,1,8,0,0,39,15.4,281:12,14:48,
Eeli Tolvanen,24,SEA,RW,81,16,25,41,-15,24,15,1,0,3,16,9,0,153,10.5,1267:01,15:39,
Ross Colton,27,COL,C,80,17,23,40,-8,61,14,3,0,2,21,2,0,146,11.6,1097:32,13:43,
Jake DeBrusk,27,BOS,LW,80,19,21,40,4,18,15,2,2,3,13,8,0,183,10.4,1346:35,16:50,
Pierre-Luc Dubois,25,LAK,LW,82,16,24,40,-9,70,9,7,0,4,23,1,0,146,11.0,1287:30,15:42,
Trent Frederic,25,BOS,C,82,18,22,40,9,69,16,2,0,1,22,0,0,123,14.6,1127:59,13:45,
Andrew Mangiapane,27,CGY,LW,75,14,26,40,7,47,11,2,1,0,25,1,0,122,11.5,1199:39,15:60,
Marco Rossi,22,MIN,C,82,21,19,40,-4,47,19,2,0,2,15,4,0,167,12.6,1371:52,16:44,"AR-1,AR-2,Calder-6"
Reilly Smith,32,PIT,RW,76,13,27,40,3,18,12,1,0,3,20,7,0,152,8.6,1226:10,16:08,
Rasmus Andersson,27,CGY,D,78,9,30,39,-11,47,8,0,1,3,22,8,0,159,5.7,1858:27,23:50,
Mikael Backlund,34,CGY,C,82,15,24,39,-4,24,12,2,1,2,22,1,1,209,7.2,1577:14,19:14,Selke-20
Luke Evangelista,21,NSH,RW,80,16,23,39,0,18,13,3,0,1,16,7,0,172,9.3,1116:26,13:57,"AR-6,Calder-9"
Gustav Forsling,27,FLA,D,79,10,29,39,56,43,9,1,0,1,28,1,0,160,6.3,1749:13,22:09,"ASnhl-9,Byng-64,Norris-9"
Cam Fowler,32,ANA,D,81,5,34,39,-36,24,3,2,0,0,17,16,1,109,4.6,1978:15,24:25,
Morgan Geekie,25,BOS,C,76,17,22,39,6,28,13,4,0,1,14,8,0,130,13.1,1171:05,15:25,
Torey Krug,32,STL,D,77,4,35,39,-31,32,4,0,0,2,22,13,0,162,2.5,1691:01,21:58,
Scott Laughton,29,PHI,C,82,13,26,39,-9,69,10,1,2,2,16,4,6,167,7.8,1283:44,15:39,Selke-37
Evan Rodrigues,30,FLA,C,80,12,27,39,26,34,9,3,0,1,20,7,0,186,6.5,1213:23,15:10,
Sean Couturier,31,PHI,C,74,11,27,38,-10,29,8,3,0,3,21,4,2,192,5.7,1318:58,17:49,
Jake Neighbours,21,STL,LW,77,27,11,38,-16,21,19,8,0,4,5,6,0,145,18.6,1209:26,15:42,
Cole Perfetti,22,WPG,C,71,19,19,38,13,12,14,5,0,3,13,6,0,142,13.4,964:47,13:35,
Jake Sanderson,21,OTT,D,79,10,28,38,8,23,7,3,0,3,17,11,0,158,6.3,1834:15,23:13,
James van Riemsdyk,34,BOS,LW,71,11,27,38,7,20,5,6,0,3,21,6,0,142,7.7,958:56,13:30,
Matty Beniers,21,SEA,C,77,15,22,37,-11,20,9,6,0,1,15,7,0,133,11.3,1383:10,17:58,
Nick Foligno,36,CHI,LW,74,17,20,37,-29,57,8,8,1,0,12,8,0,146,11.6,1314:35,17:46,
Anders Lee,33,NYI,LW,81,20,17,37,2,68,15,5,0,2,17,0,0,185,10.8,1260:56,15:34,Clancy-1
Vladislav Namestnikov,31,WPG,C,78,11,26,37,17,37,7,3,1,0,24,2,0,95,11.6,1128:16,14:28,
Stefan Noesen,30,CAR,RW,81,14,23,37,13,33,11,3,0,3,15,8,0,111,12.6,960:55,11:52,
Rickard Rakell,30,PIT,RW,70,15,22,37,4,22,11,4,0,2,20,2,0,165,9.1,1156:06,16:31,
Jaccob Slavin,29,CAR,D,81,6,31,37,21,8,4,0,2,1,30,0,1,151,4.0,1695:29,20:56,"ASnhl-14,Byng-1,Norris-14"
Mason Appleton,28,WPG,C,82,14,22,36,16,26,11,2,1,2,21,0,1,122,11.5,1315:56,16:03,
Michael Bunting,28,2TM,LW,81,19,36,55,-19,57,12,7,0,3,22,14,0,168,11.3,1270:32,15:41,
Michael Bunting,28,CAR,LW,60,13,23,36,-15,55,7,6,0,1,13,10,0,113,11.5,906:43,15:07,
Michael Bunting,28,PIT,LW,21,6,13,19,-4,2,5,1,0,2,9,4,0,55,10.9,363:49,17:19,
Danton Heinen,28,BOS,C,74,17,19,36,16,28,15,1,1,4,19,0,0,119,14.3,1070:26,14:28,
Nils Höglander,23,VAN,LW,80,24,12,36,23,51,24,0,0,5,12,0,0,120,20.0,968:30,12:06,
Alex Killorn,34,ANA,C,63,18,18,36,-15,54,13,5,0,5,16,2,0,145,12.4,1180:07,18:44,
Gabriel Vilardi,24,WPG,C,47,22,14,36,11,14,13,9,0,5,9,5,0,117,18.8,799:21,17:00,
Jason Dickinson,28,CHI,C,82,22,13,35,4,43,20,2,0,4,13,0,0,126,17.5,1358:49,16:34,Selke-12
Dylan Guenther,20,ARI,RW,45,18,17,35,-1,14,8,9,1,4,12,4,1,121,14.9,732:33,16:17,
Noah Hanifin,27,2TM,D,80,13,34,47,19,24,8,5,0,2,24,8,2,164,7.9,1889:07,23:37,
Noah Hanifin,27,CGY,D,61,11,24,35,13,22,8,3,0,1,18,5,1,123,8.9,1449:57,23:46,
Noah Hanifin,27,VEG,D,19,2,10,12,6,2,0,2,0,1,6,3,1,41,4.9,439:10,23:07,
Erik Haula,32,NJD,LW,76,16,19,35,-1,54,14,1,1,2,16,2,1,156,10.3,1282:43,16:53,
Boone Jenner,30,CBJ,C,58,22,13,35,-8,28,16,5,1,1,10,3,0,155,14.2,1165:34,20:06,ASG
Mathieu Joseph,26,OTT,RW,72,11,24,35,-4,51,10,0,1,3,23,0,1,124,8.9,1185:59,16:28,
Matthew Knies,21,TOR,LW,80,15,20,35,9,45,15,0,0,3,18,2,0,115,13.0,1094:12,13:41,AR-9
Adam Lowry,30,WPG,LW,81,12,23,35,17,57,11,0,1,1,20,2,1,119,10.1,1304:26,16:06,Selke-7
Anton Lundell,22,FLA,C,78,13,22,35,19,46,12,1,0,2,17,4,1,166,7.8,1199:21,15:23,
Sean Monahan,29,2TM,C,83,26,33,59,-1,12,15,9,2,5,21,12,0,171,15.2,1501:49,18:06,Byng-13
Sean Monahan,29,MTL,C,49,13,22,35,-10,10,5,6,2,3,12,10,0,104,12.5,904:17,18:27,
Sean Monahan,29,WPG,C,34,13,11,24,9,2,10,3,0,2,9,2,0,67,19.4,597:32,17:34,
Colton Sissons,30,NSH,C,81,15,20,35,-6,38,9,3,3,2,15,4,1,131,11.5,1342:28,16:34,
Tom Wilson,29,WSH,RW,74,18,17,35,-19,133,11,5,2,3,12,5,0,169,10.7,1339:33,18:06,ASG
Tomáš Hertl,30,2TM,C,54,17,21,38,-28,22,10,6,1,2,16,5,0,124,13.7,1106:26,20:29,ASG
Tomáš Hertl,30,SJS,C,48,15,19,34,-26,22,9,5,1,1,15,4,0,113,13.3,1003:14,20:54,
Tomáš Hertl,30,VEG,C,6,2,2,4,-2,0,1,1,0,1,1,1,0,11,18.2,103:12,17:12,
Artturi Lehkonen,28,COL,LW,45,16,18,34,11,14,9,7,0,2,13,5,0,103,15.5,831:13,18:28,
Anthony Mantha,29,2TM,RW,74,23,21,44,11,25,20,3,0,0,16,5,0,113,20.4,1052:35,14:13,
Anthony Mantha,29,WSH,RW,56,20,14,34,5,17,17,3,0,0,10,4,0,90,22.2,792:36,14:09,
Anthony Mantha,29,VEG,RW,18,3,7,10,6,8,3,0,0,0,6,1,0,23,13.0,259:59,14:27,
Alex Newhook,23,MTL,C,55,15,19,34,-11,18,13,2,0,2,13,6,0,85,17.6,930:57,16:56,
Nino Niederreiter,31,WPG,RW,77,18,16,34,12,34,15,3,0,3,15,1,0,170,10.6,1152:18,14:58,
Dmitri Voronkov,23,CBJ,LW,75,18,16,34,-6,52,12,6,0,2,14,2,0,142,12.7,1009:16,13:27,"AR-9,Calder-11"
Connor Zary,22,CGY,C,63,14,20,34,12,22,13,1,0,3,17,3,0,90,15.6,962:14,15:16,"AR-5,Calder-8"
Andrew Copp,29,DET,C,79,13,20,33,-2,26,11,1,1,3,16,2,2,109,11.9,1285:40,16:16,
Tyson Foerster,22,PHI,RW,77,20,13,33,0,32,15,4,1,2,9,4,0,167,12.0,1329:42,17:16,"AR-4,Calder-7,Selke-37"
Yanni Gourde,32,SEA,C,80,11,22,33,-11,62,9,0,2,1,19,2,1,156,7.1,1395:49,17:27,
Connor McMichael,23,WSH,C,80,18,15,33,-20,34,15,2,1,3,10,4,1,135,13.3,1278:56,15:59,
Dawson Mercer,22,NJD,C,82,20,13,33,-26,29,16,4,0,2,12,1,0,134,14.9,1411:50,17:13,
Brandon Montour,29,FLA,D,66,8,25,33,1,46,7,1,0,3,9,16,0,168,4.8,1547:31,23:27,
Drew O'Connor,25,PIT,F,79,16,17,33,14,20,15,0,1,2,16,0,1,160,10.0,1243:54,15:45,
Jean-Gabriel Pageau,31,NYI,C,82,11,22,33,-8,13,9,1,1,2,16,1,5,101,10.9,1304:29,15:55,
Alex Pietrangelo,34,VEG,D,64,4,29,33,-5,24,4,0,0,2,19,9,1,141,2.8,1508:12,23:34,Byng-44
Neal Pionk,28,WPG,D,82,5,28,33,9,63,4,1,0,1,21,7,0,146,3.4,1707:58,20:50,
Owen Power,21,BUF,D,76,6,27,33,8,28,6,0,0,1,20,6,1,108,5.6,1741:55,22:55,
Darren Raddysh,27,TBL,D,82,6,27,33,-3,21,5,1,0,2,21,6,0,101,5.9,1566:40,19:06,
Michael Rasmussen,24,DET,C,75,13,20,33,8,47,12,0,1,3,17,0,3,101,12.9,1139:19,15:11,
Oliver Ekman-Larsson,32,FLA,D,80,9,23,32,10,76,8,1,0,3,13,10,0,123,7.3,1471:30,18:24,
Robby Fabbri,28,DET,C,68,18,14,32,-13,32,13,5,0,3,7,7,0,97,18.6,875:03,12:52,
Dakota Joshua,27,VAN,C,63,18,14,32,19,60,17,1,0,5,14,0,0,84,21.4,906:16,14:23,
Elias Lindholm,29,2TM,C,75,15,29,44,-14,25,8,6,1,4,21,6,2,173,8.7,1477:01,19:42,ASG
Elias Lindholm,29,CGY,C,49,9,23,32,-8,21,5,3,1,3,16,6,1,131,6.9,1016:41,20:45,
Elias Lindholm,29,VAN,C,26,6,6,12,-6,4,3,3,0,1,5,0,1,42,14.3,460:20,17:42,
Jordan Martinook,31,CAR,LW,82,14,18,32,-1,36,13,0,1,1,18,0,0,148,9.5,1201:03,14:39,Selke-30
Ryan McDonagh,34,NSH,D,74,3,29,32,19,31,3,0,0,1,25,4,0,91,3.3,1612:19,21:47,
Darnell Nurse,28,EDM,D,81,10,22,32,3,79,8,1,1,2,18,4,0,181,5.5,1773:27,21:54,
Ivan Provorov,27,CBJ,D,82,5,27,32,-11,20,5,0,0,0,20,7,0,107,4.7,1817:19,22:10,
Cole Sillinger,20,CBJ,C,77,13,19,32,-4,46,12,1,0,1,18,0,1,157,8.3,1241:12,16:07,
Dylan DeMelo,30,WPG,D,82,3,28,31,46,36,3,0,0,0,27,1,0,83,3.6,1781:50,21:44,ASnhl-17
Lars Eller,34,PIT,C,82,15,16,31,-1,32,10,4,1,0,14,1,1,154,9.7,1309:10,15:58,
Brendan Gallagher,31,MTL,RW,77,16,15,31,-24,74,15,1,0,2,12,3,0,154,10.4,1061:53,13:47,
Erik Gustafsson,31,NYR,D,76,6,25,31,3,35,6,0,0,1,16,9,0,93,6.5,1321:47,17:24,
Tyler Johnson,33,CHI,C,67,17,14,31,-35,26,9,8,0,1,6,8,0,112,15.2,1041:05,15:32,
Seth Jones,29,CHI,D,67,8,23,31,-15,34,5,3,0,4,17,6,0,172,4.7,1707:27,25:29,
Ilya Mikheyev,29,VAN,F,78,11,20,31,1,4,11,0,0,1,20,0,0,147,7.5,1112:36,14:16,Byng-30
Ondřej Palát,32,NJD,LW,71,11,20,31,-9,37,10,1,0,0,16,4,0,108,10.2,1111:03,15:39,
Zach Benson,18,BUF,LW,71,11,19,30,-3,36,11,0,0,1,17,2,0,98,11.2,1030:44,14:31,
Thomas Chabot,27,OTT,D,51,9,21,30,-3,22,8,1,0,0,15,6,0,118,7.6,1175:18,23:03,
Ryan Donato,27,CHI,C,78,12,18,30,-14,26,11,1,0,0,16,2,0,149,8.1,1091:56,13:60,
Justin Faulk,31,STL,D,60,2,28,30,-2,39,1,1,0,1,21,6,1,132,1.5,1317:44,21:58,
Marcus Johansson,33,MIN,C,78,11,19,30,-15,22,10,1,0,0,14,5,0,112,9.8,1239:15,15:53,
Ryan McLeod,24,EDM,C,81,12,18,30,10,10,12,0,0,3,15,1,2,106,11.3,1153:41,14:15,Byng-71
K'Andre Miller,24,NYR,D,80,8,22,30,5,49,8,0,0,3,20,1,1,96,8.3,1724:59,21:34,
Joshua Norris,24,OTT,C,50,16,14,30,-6,22,11,5,0,3,6,7,1,115,13.9,881:52,17:38,
Marcus Pettersson,27,PIT,D,82,4,26,30,28,44,4,0,0,1,26,0,0,106,3.8,1859:01,22:40,
Jaden Schwartz,31,SEA,C,62,13,17,30,-15,24,6,7,0,0,14,3,0,117,11.1,1014:28,16:22,
Jordan Staal,35,CAR,C,80,10,20,30,-14,44,9,0,1,3,16,1,3,123,8.1,1230:18,15:23,"Byng-71,Selke-2"
Alexandre Texier,24,CBJ,C,78,12,18,30,-5,38,10,0,2,1,16,2,0,109,11.0,1184:06,15:11,
Cameron York,23,PHI,D,82,10,20,30,-13,44,10,0,0,1,12,6,2,134,7.5,1854:47,22:37,
Michael Carcone,27,ARI,F,74,21,8,29,-2,35,19,1,1,4,7,1,0,111,18.9,834:03,11:16,
Leo Carlsson,19,ANA,C,55,12,17,29,-11,16,8,4,0,0,12,5,0,109,11.0,996:00,18:07,"AR-8,Calder-14"
Yegor Chinakhov,22,CBJ,RW,53,16,13,29,-3,6,15,1,0,3,12,1,0,110,14.5,803:53,15:10,
Kevin Hayes,31,STL,RW,79,13,16,29,0,12,13,0,0,2,11,5,0,153,8.5,1142:53,14:28,
Tyler Myers,33,VAN,D,77,5,24,29,16,77,3,0,2,0,24,0,0,93,5.4,1459:04,18:57,
Aliaksei Protas,23,WSH,C,78,6,23,29,-3,8,6,0,0,1,22,0,1,113,5.3,1072:12,13:45,
Pius Suter,27,VAN,F,67,14,15,29,17,16,12,2,0,3,12,3,0,105,13.3,1038:10,15:30,
Cam Atkinson,34,PHI,RW,70,13,15,28,-22,27,11,2,0,3,11,4,0,175,7.4,1116:11,15:57,
Teddy Blueger,29,VAN,C,68,6,22,28,4,31,4,0,2,0,20,0,2,97,6.2,1015:36,14:56,
Pierre Engvall,27,NYI,LW,74,10,18,28,4,18,8,2,0,1,13,5,0,128,7.8,1134:03,15:20,
Jake Evans,27,MTL,C,82,7,21,28,-1,24,6,0,1,1,21,0,0,81,8.6,1313:30,16:01,
Jordan Greenway,26,BUF,LW,67,10,18,28,11,64,9,1,0,1,15,2,1,107,9.3,1155:43,17:15,
Alexander Holtz,22,NJD,RW,82,16,12,28,-15,14,15,1,0,3,11,1,0,122,13.1,954:04,11:38,
Nick Leddy,32,STL,D,82,3,25,28,14,14,2,0,1,0,23,1,1,82,3.7,1833:39,22:22,Byng-43
Jake McCabe,30,TOR,D,73,8,20,28,20,56,7,1,0,3,18,1,1,73,11.0,1507:56,20:39,
Pavel Mintyukov,20,ANA,D,63,4,24,28,-20,24,4,0,0,0,16,7,1,88,4.5,1187:13,18:51,Calder-14
Ryan Poehling,25,PHI,C,77,11,17,28,-11,6,7,1,3,1,15,1,1,111,9.9,1154:40,14:60,Byng-27
Damon Severson,29,CBJ,D,67,9,19,28,-10,51,9,0,0,1,14,3,2,88,10.2,1416:53,21:09,
Joe Veleno,24,DET,C,80,12,16,28,-16,25,9,3,0,1,13,2,1,86,14.0,1116:31,13:57,
Michael Amadio,27,VEG,C,73,14,13,27,4,16,11,3,0,2,11,2,0,117,12.0,977:36,13:24,
Jonas Brodin,30,MIN,D,62,7,20,27,22,16,7,0,0,1,19,1,0,117,6.0,1449:05,23:22,Byng-34
Jack Drury,23,CAR,C,74,8,19,27,4,33,6,2,0,0,14,5,0,106,7.5,908:39,12:17,
Anthony Duclair,28,2TM,LW,73,24,18,42,-8,34,19,5,0,1,11,7,0,129,18.6,1151:29,15:46,
Anthony Duclair,28,SJS,LW,56,16,11,27,-12,28,11,5,0,1,6,5,0,98,16.3,905:46,16:10,
Anthony Duclair,28,TBL,LW,17,8,7,15,4,6,8,0,0,0,5,2,0,31,25.8,245:43,14:27,
Adam Fantilli,19,CBJ,C,49,12,15,27,-21,16,11,1,0,1,13,2,0,115,10.4,769:48,15:43,"AR-7,Calder-13"
Alex Iafallo,30,WPG,C,82,11,16,27,14,6,9,2,0,2,12,3,1,120,9.2,1255:42,15:19,Byng-28
Jesperi Kotkaniemi,23,CAR,C,79,12,15,27,-4,36,11,1,0,0,13,1,1,128,9.4,1025:21,12:59,
Eetu Luostarinen,25,FLA,C,82,12,15,27,1,26,10,2,0,2,14,0,1,119,10.1,1306:48,15:56,
Shane Pinto,23,OTT,C,41,9,18,27,9,14,5,4,0,1,16,2,0,110,8.2,742:29,18:07,
Nicholas Robertson,22,TOR,LW,56,14,13,27,4,4,13,1,0,1,11,2,0,96,14.6,637:05,11:23,
Kiefer Sherwood,28,NSH,RW,68,10,17,27,17,41,10,0,0,2,17,0,0,110,9.1,827:33,12:10,
T.J. Brodie,33,TOR,D,78,1,25,26,17,40,1,0,0,0,25,0,0,52,1.9,1694:15,21:43,
Justin Danforth,30,CBJ,RW,71,10,16,26,-10,26,10,0,0,1,16,0,0,86,11.6,1013:26,14:16,
Ridly Greig,21,OTT,C,72,13,13,26,10,66,10,2,1,1,13,0,0,97,13.4,1061:30,14:45,
Erik Gudbranson,32,CBJ,D,78,6,20,26,-14,74,6,0,0,1,19,0,1,91,6.6,1533:29,19:40,
Esa Lindell,29,DAL,D,82,5,21,26,17,12,5,0,0,0,20,0,1,114,4.4,1678:41,20:28,Byng-10
Hampus Lindholm,30,BOS,D,73,3,23,26,18,63,2,1,0,0,19,4,0,99,3.0,1699:57,23:17,
Jack McBain,24,ARI,C,67,8,18,26,8,50,8,0,0,2,18,0,0,56,14.3,845:50,12:37,
Brayden McNabb,33,VEG,D,82,4,22,26,18,37,4,0,0,0,20,1,1,86,4.7,1587:02,19:21,
J.J. Moser,23,ARI,D,80,5,21,26,-5,35,5,0,0,0,16,3,2,77,6.5,1645:43,20:34,
Dmitry Orlov,32,CAR,D,82,6,20,26,4,36,5,0,1,1,15,5,0,129,4.7,1419:49,17:19,
Colton Parayko,30,STL,D,82,10,16,26,4,23,9,0,1,4,14,1,1,154,6.5,1956:35,23:52,
Justin Schultz,33,SEA,D,70,7,19,26,-23,22,7,0,0,2,9,10,0,100,7.0,1153:07,16:28,
Jimmy Vesey,30,NYR,LW,80,13,13,26,-4,20,13,0,0,4,13,0,0,116,11.2,990:09,12:23,
Miles Wood,28,COL,LW,74,9,17,26,-5,75,8,0,1,1,17,0,0,167,5.4,1012:38,13:41,
Joel Armia,30,MTL,RW,66,17,8,25,4,34,15,0,2,3,8,0,0,139,12.2,1026:24,15:33,
William Borgen,27,SEA,D,82,3,22,25,-5,65,3,0,0,0,22,0,0,97,3.1,1442:12,17:35,
Cody Ceci,30,EDM,D,79,5,20,25,12,14,5,0,0,0,19,0,1,97,5.2,1581:47,20:01,
Paul Cotter,24,VEG,C,76,7,18,25,-11,41,5,2,0,0,16,2,0,100,7.0,967:16,12:44,
Michael Eyssimont,27,TBL,C,81,11,14,25,7,104,9,2,0,2,12,2,0,149,7.4,960:05,11:51,
Simon Holmström,22,NYI,RW,75,15,10,25,2,14,10,0,5,3,8,0,2,72,20.8,998:57,13:19,
Andrei Kuzmenko,27,2TM,F,72,22,24,46,-9,12,14,8,0,4,13,11,0,121,18.2,1071:40,14:53,
Andrei Kuzmenko,27,CGY,F,29,14,11,25,-8,6,9,5,0,2,4,7,0,58,24.1,454:33,15:40,
Andrei Kuzmenko,27,VAN,F,43,8,13,21,-1,6,5,3,0,2,9,4,0,63,12.7,617:07,14:21,
Curtis Lazar,28,NJD,C,71,7,18,25,10,44,6,0,1,2,18,0,0,74,9.5,879:40,12:23,
Josh Manson,32,COL,D,76,8,17,25,11,87,7,0,1,0,16,0,1,123,6.5,1351:30,17:47,
John Marino,26,NJD,D,75,4,21,25,-6,41,4,0,0,1,21,0,0,57,7.0,1571:51,20:57,
Jacob Middleton,28,MIN,D,80,7,18,25,-15,77,7,0,0,1,17,0,1,85,8.2,1584:40,19:49,
Logan O'Connor,27,COL,RW,57,13,12,25,13,34,10,0,3,4,12,0,0,85,15.3,852:10,14:57,
T.J. Oshie,37,WSH,C,52,12,13,25,-6,44,5,7,0,4,9,4,0,90,13.3,877:11,16:52,
Matt Roy,28,LAK,D,81,5,20,25,21,42,5,0,0,1,17,1,2,135,3.7,1692:29,20:54,
Alexander Wennberg,29,2TM,C,79,10,20,30,0,14,6,3,1,4,17,3,0,90,11.1,1421:07,17:59,
Alexander Wennberg,29,SEA,C,60,9,16,25,1,14,6,2,1,4,14,2,0,80,11.3,1129:07,18:49,
Alexander Wennberg,29,NYR,C,19,1,4,5,-1,0,0,1,0,0,3,1,0,10,10.0,292:00,15:22,
Artem Zub,28,OTT,D,69,5,20,25,5,32,4,0,1,0,20,0,0,85,5.9,1450:15,21:01,
Jason Zucker,32,2TM,LW,69,14,18,32,-9,81,9,5,0,0,13,5,0,150,9.3,953:51,13:49,
Jason Zucker,32,ARI,LW,51,9,16,25,-5,58,5,4,0,0,11,5,0,104,8.7,716:03,14:02,
Jason Zucker,32,NSH,LW,18,5,2,7,-4,23,4,1,0,0,2,0,0,46,10.9,237:48,13:13,
Pavel Dorofeyev,23,VEG,LW,47,13,11,24,8,12,13,0,0,1,10,1,0,97,13.4,624:00,13:17,
Sam Lafferty,28,VAN,C,79,13,11,24,4,32,12,0,1,3,11,0,0,78,16.7,938:28,11:53,
Bobby McMann,27,TOR,F,56,15,9,24,13,52,14,1,0,0,9,0,0,118,12.7,647:19,11:34,
Nicklaus Perbix,25,TBL,D,77,2,22,24,8,10,2,0,0,1,22,0,0,57,3.5,1315:17,17:05,
Jeff Petry,36,DET,D,73,3,21,24,-7,39,3,0,0,0,20,0,1,84,3.6,1372:03,18:48,
Martin Pospisil,24,CGY,C,63,8,16,24,14,109,8,0,0,1,16,0,0,117,6.8,801:20,12:43,
Mike Reilly,30,2TM,D,61,6,18,24,-1,30,5,0,1,1,13,5,0,126,4.8,1046:31,17:09,
Mike Reilly,30,NYI,D,59,6,18,24,1,28,5,0,1,1,13,5,0,119,5.0,1018:15,17:16,
Mike Reilly,30,FLA,D,2,0,0,0,-2,2,0,0,0,0,0,0,0,7,0.0,28:16,14:08,
David Savard,33,MTL,D,60,6,18,24,-1,24,6,0,0,0,18,0,0,54,11.1,1214:29,20:14,
Kevin Shattenkirk,35,BOS,D,61,6,18,24,-2,18,4,2,0,0,9,9,0,78,7.7,962:35,15:47,
Jordan Spence,22,LAK,D,71,2,22,24,5,12,1,1,0,0,17,5,0,80,2.5,1024:15,14:26,
Sam Steel,25,DAL,C,77,9,15,24,0,29,7,0,2,1,14,0,1,86,10.5,1019:37,13:15,
Bobby Brink,22,PHI,RW,57,11,12,23,1,10,8,3,0,2,10,2,0,81,13.6,786:12,13:48,
Casey Cizikas,32,NYI,C,70,10,13,23,-2,22,9,0,1,1,12,1,0,82,12.2,975:52,13:56,
Evgenii Dadonov,34,DAL,RW,51,12,11,23,-6,8,11,1,0,3,10,1,0,67,17.9,671:58,13:11,
Vladislav Gavrikov,28,LAK,D,77,6,17,23,9,28,6,0,0,1,16,0,1,114,5.3,1587:30,20:37,
Mike Hoffman,34,SJS,C,66,10,13,23,-21,20,7,3,0,1,10,3,0,71,14.1,906:17,13:44,
Ryan Johansen,31,COL,C,63,13,10,23,-6,34,9,4,0,4,7,2,1,78,16.7,859:30,13:39,
Alex Laferriere,22,LAK,RW,81,12,11,23,-14,46,12,0,0,2,8,3,0,147,8.2,1070:50,13:13,
Timothy Liljegren,24,TOR,D,55,3,20,23,3,16,3,0,0,1,12,7,1,62,4.8,1081:29,19:40,
Sonny Milano,27,WSH,LW,49,15,8,23,4,10,12,3,0,2,7,1,0,50,30.0,612:54,12:30,
Max Pacioretty,35,WSH,LW,47,4,19,23,-14,25,2,2,0,0,10,9,0,95,4.2,678:23,14:26,
Jack Roslovic,27,2TM,C,59,9,22,31,-10,16,8,0,1,3,18,4,0,117,7.7,917:43,15:33,
Jack Roslovic,27,CBJ,C,40,6,17,23,-9,14,5,0,1,2,14,3,0,86,7.0,662:05,16:33,
Jack Roslovic,27,NYR,C,19,3,5,8,-1,2,3,0,0,1,4,1,0,31,9.7,255:38,13:27,
Rasmus Sandin,23,WSH,D,68,3,20,23,-13,24,3,0,0,1,15,5,0,79,3.8,1436:12,21:07,
Cole Smith,28,NSH,F,80,9,14,23,5,63,8,0,1,4,12,0,2,112,8.0,1095:09,13:41,
Filip Zadina,24,SJS,RW,72,13,10,23,-44,18,10,3,0,3,9,1,0,137,9.5,960:28,13:20,
Jalen Chatfield,27,CAR,D,72,8,14,22,15,24,8,0,0,2,14,0,0,90,8.9,1094:12,15:12,
Nic Dowd,33,WSH,C,64,12,10,22,-2,47,12,0,0,2,10,0,0,61,19.7,972:58,15:12,Selke-30
Marcus Foligno,32,MIN,LW,55,10,12,22,10,59,10,0,0,3,11,0,1,56,17.9,796:31,14:29,
Kaiden Guhle,22,MTL,D,70,6,16,22,-8,56,6,0,0,1,16,0,0,95,6.3,1459:33,20:51,
Kasperi Kapanen,27,STL,RW,73,6,16,22,-5,14,5,0,1,1,15,0,1,99,6.1,1050:03,14:23,
Hendrix Lapierre,21,WSH,C,51,8,14,22,-1,4,8,0,0,1,12,2,0,51,15.7,583:18,11:26,
Brett Leason,24,ANA,RW,68,11,11,22,-7,14,9,0,2,0,11,0,0,91,12.1,884:36,13:01,
Michael McCarron,28,NSH,RW,70,12,10,22,4,100,12,0,0,3,10,0,0,94,12.8,893:41,12:46,
Kyle Okposo,35,2TM,RW,67,12,10,22,1,34,9,2,1,0,8,2,0,114,10.5,894:38,13:21,
Kyle Okposo,35,BUF,RW,61,12,10,22,1,32,9,2,1,0,8,2,0,106,11.3,830:27,13:37,
Kyle Okposo,35,FLA,RW,6,0,0,0,0,2,0,0,0,0,0,0,0,8,0.0,64:11,10:42,
Alexander Romanov,24,NYI,D,81,7,15,22,23,20,7,0,0,0,15,0,0,117,6.0,1688:04,20:50,
Jacob Trouba,29,NYR,D,69,3,19,22,-4,73,3,0,0,0,17,1,1,129,2.3,1465:57,21:15,Messier-1
Sean Walker,29,2TM,D,81,10,19,29,11,50,8,0,2,1,17,1,1,150,6.7,1557:46,19:14,
Sean Walker,29,PHI,D,63,6,16,22,9,34,4,0,2,1,14,1,1,109,5.5,1234:41,19:36,
Sean Walker,29,COL,D,18,4,3,7,2,16,4,0,0,0,3,0,0,41,9.8,323:05,17:57,
William Cuylle,21,NYR,LW,81,13,8,21,-3,56,12,1,0,2,7,1,0,119,10.9,901:10,11:08,
Mario Ferraro,25,SJS,D,78,3,18,21,-38,36,3,0,0,0,18,0,0,124,2.4,1783:49,22:52,
Calle Järnkrok,32,TOR,C,52,10,11,21,16,18,9,0,1,3,9,1,1,92,10.9,793:26,15:16,
Michael Kesselring,24,ARI,D,65,5,16,21,11,66,5,0,0,2,16,0,0,76,6.6,1026:32,15:48,Calder-14
Beck Malenstyn,25,WSH,LW,81,6,15,21,-1,25,6,0,0,1,14,0,1,98,6.1,1153:44,14:15,
Oskar Sundqvist,29,STL,C,71,6,15,21,-6,32,2,3,1,0,11,2,2,68,8.8,940:44,13:15,
Alexey Toropchenko,24,STL,RW,82,14,7,21,-3,30,12,0,2,1,7,0,0,114,12.3,1026:48,12:31,
Jake Walman,27,DET,D,63,12,9,21,-2,44,11,1,0,3,5,3,1,108,11.1,1245:28,19:46,
Blake Wheeler,37,NYR,RW,54,9,12,21,2,23,8,1,0,1,12,0,0,83,10.8,686:45,12:43,
Yegor Zamula,23,PHI,D,66,5,16,21,3,32,3,2,0,1,8,7,1,61,8.2,1059:47,16:03,
Josh Anderson,29,MTL,RW,78,9,11,20,-18,74,9,0,0,0,9,2,0,141,6.4,1206:09,15:28,
Erik Brännström,24,OTT,D,76,3,17,20,5,36,3,0,0,0,16,0,1,77,3.9,1260:55,16:35,
Bowen Byram,22,2TM,D,73,11,18,29,0,53,11,0,0,0,17,1,0,84,13.1,1485:00,20:21,
Bowen Byram,22,COL,D,55,8,12,20,1,40,8,0,0,0,12,0,0,63,12.7,1091:43,19:51,
Bowen Byram,22,BUF,D,18,3,6,9,-1,13,3,0,0,0,5,1,0,21,14.3,393:17,21:51,
Alexandre Carrier,27,NSH,D,73,4,16,20,7,44,3,0,1,2,15,1,0,77,5.2,1372:25,18:48,
Ben Chiarot,32,DET,D,77,5,15,20,-4,56,5,0,0,1,15,0,0,107,4.7,1522:53,19:47,
Brenden Dillon,33,WPG,D,77,8,12,20,20,92,8,0,0,2,12,0,0,79,10.1,1443:05,18:44,
Henri Jokiharju,24,BUF,D,74,3,17,20,14,24,3,0,0,1,16,0,1,84,3.6,1404:31,18:59,
Tye Kartye,22,SEA,F,77,11,9,20,-1,37,11,0,0,1,9,0,0,109,10.1,911:22,11:50,
Dmitry Kulikov,33,FLA,D,76,1,19,20,15,63,1,0,0,0,17,0,2,74,1.4,1255:03,16:31,
Valtteri Puustinen,24,PIT,RW,52,5,15,20,4,6,5,0,0,0,13,2,0,86,5.8,610:51,11:45,
Craig Smith,34,DAL,C,75,11,9,20,2,33,11,0,0,2,9,0,0,112,9.8,766:15,10:13,
Philip Tomasino,22,NSH,C,41,7,13,20,-6,25,7,0,0,2,9,4,0,62,11.3,515:32,12:34,
Jonny Brodzinski,30,NYR,C,57,6,13,19,-3,8,5,1,0,2,12,1,0,89,6.7,634:16,11:08,
Cal Clutterbuck,36,NYI,RW,82,7,12,19,4,32,7,0,0,0,12,0,0,59,11.9,974:07,11:53,
Andrew Cogliano,36,COL,LW,75,6,13,19,11,16,5,0,1,0,10,0,3,61,9.8,795:44,10:37,
Radek Faksa,30,DAL,C,74,7,12,19,0,20,5,0,2,2,10,0,2,71,9.9,926:09,12:31,
Jesper Fast,32,CAR,RW,73,6,13,19,0,16,6,0,0,0,13,0,0,79,7.6,920:08,12:36,
Christian Fischer,26,DET,RW,79,5,14,19,0,36,4,0,1,0,14,0,0,86,5.8,901:08,11:24,
Brett Howden,25,VEG,C,72,8,11,19,-11,39,6,0,2,0,11,0,0,76,10.5,952:22,13:14,
Kaapo Kakko,22,NYR,RW,61,13,6,19,6,24,12,1,0,2,6,0,0,91,14.3,810:02,13:17,
David Kämpf,29,TOR,C,78,8,11,19,-4,18,8,0,0,1,11,0,0,79,10.1,1051:59,13:29,
Nils Lundkvist,23,DAL,D,59,2,17,19,13,16,2,0,0,0,15,2,0,73,2.7,832:16,14:06,
Michael McLeod,25,NJD,C,45,10,9,19,6,10,10,0,0,2,9,0,0,73,13.7,681:29,15:09,
Simon Nemec,19,NJD,D,60,3,16,19,-7,33,3,0,0,1,14,2,0,73,4.1,1191:47,19:52,Calder-14
Ryan Pulock,29,NYI,D,58,5,14,19,3,12,3,2,0,1,10,4,0,90,5.6,1307:54,22:33,
Jack Quinn,22,BUF,RW,27,9,10,19,-1,8,8,1,0,2,8,2,0,56,16.1,422:19,15:38,
Jan Rutta,33,SJS,D,69,5,14,19,-21,38,5,0,0,1,12,0,2,69,7.2,1360:43,19:43,
Braden Schneider,22,NYR,D,82,5,14,19,-1,16,4,0,1,1,14,0,0,95,5.3,1303:40,15:54,
Mikhail Sergachev,25,TBL,D,34,2,17,19,-16,16,2,0,0,0,10,7,0,53,3.8,766:54,22:33,
Jakob Silfverberg,33,ANA,LW,81,7,12,19,4,24,5,1,1,1,8,3,1,102,6.9,1057:06,13:03,
Michael Anderson,24,LAK,D,74,2,16,18,22,18,2,0,0,0,15,0,1,89,2.2,1526:43,20:38,
Morgan Barron,25,WPG,C,80,11,7,18,10,23,11,0,0,3,6,1,0,94,11.7,839:45,10:30,
Noah Cates,24,PHI,LW,59,6,12,18,-8,0,6,0,0,1,10,0,2,78,7.7,814:02,13:48,Byng-33
Connor Clifton,28,BUF,D,79,4,14,18,12,88,4,0,0,1,14,0,0,77,5.2,1307:55,16:33,
Aaron Ekblad,27,FLA,D,51,4,14,18,27,50,3,1,0,1,11,3,0,98,4.1,1064:02,20:52,
Samuel Girard,25,COL,D,59,3,15,18,0,10,3,0,0,0,14,1,0,73,4.1,1143:30,19:23,Byng-56
Radko Gudas,33,ANA,D,66,6,12,18,14,128,6,0,0,0,11,0,1,88,6.8,1287:18,19:30,
Parker Kelly,24,OTT,F,80,8,10,18,-8,30,6,0,2,0,9,0,1,86,9.3,936:32,11:42,
Keegan Kolesar,26,VEG,RW,79,8,10,18,-8,49,7,0,1,2,9,0,1,73,11.0,858:12,10:52,
Luke Kunin,26,SJS,C,77,11,7,18,-30,83,9,2,0,1,4,3,0,98,11.2,1212:02,15:44,
Sean Kuraly,31,CBJ,C,62,9,9,18,-5,40,9,0,0,0,8,0,1,92,9.8,851:35,13:44,
Adam Larsson,31,SEA,D,81,4,14,18,6,55,4,0,0,1,13,0,1,130,3.1,1858:33,22:57,
Olli Määttä,29,DET,D,72,4,14,18,14,14,4,0,0,0,14,0,0,48,8.3,1155:53,16:03,
Dylan Samberg,25,WPG,D,78,1,17,18,16,43,1,0,0,0,15,1,1,77,1.3,1218:48,15:38,
Joey Anderson,25,CHI,RW,55,5,12,17,5,8,5,0,0,0,12,0,0,57,8.8,745:08,13:33,
Garnet Hathaway,32,PHI,RW,82,7,10,17,-7,132,6,0,1,1,8,0,2,103,6.8,1024:02,12:29,
Pontus Holmberg,24,TOR,RW,54,7,10,17,11,18,7,0,0,1,10,0,0,54,13.0,624:42,11:34,
Peyton Krebs,23,BUF,C,80,4,13,17,2,67,4,0,0,2,13,0,0,74,5.4,1000:27,12:30,
Evgeny Kuznetsov,31,2TM,C,63,8,16,24,-11,30,7,1,0,1,10,6,0,96,8.3,1105:47,17:33,
Evgeny Kuznetsov,31,WSH,C,43,6,11,17,-11,24,6,0,0,1,7,4,0,69,8.7,807:46,18:47,
Evgeny Kuznetsov,31,CAR,C,20,2,5,7,0,6,1,1,0,0,3,2,0,27,7.4,298:01,14:54,
Jackson LaCombe,23,ANA,D,71,2,15,17,-24,24,2,0,0,1,12,2,1,55,3.6,1375:47,19:23,
Ryan Lindgren,25,NYR,D,76,3,14,17,22,36,3,0,0,1,14,0,0,73,4.1,1470:37,19:21,
Alec Martinez,36,VEG,D,55,4,13,17,-2,6,4,0,0,0,10,3,0,72,5.6,1047:26,19:03,
Niko Mikkola,27,FLA,D,82,3,14,17,11,69,3,0,0,0,13,0,1,93,3.2,1643:01,20:02,
Scott Perunovich,25,STL,D,54,0,17,17,1,12,0,0,0,0,11,6,0,36,0.0,824:41,15:16,
Ryan Suter,39,DAL,D,82,2,15,17,14,28,2,0,0,1,14,0,1,102,2.0,1553:04,18:56,
Juuso Välimäki,25,ARI,D,68,2,15,17,12,12,2,0,0,0,11,4,0,69,2.9,1298:23,19:06,
Nicolas Aubé-Kubel,27,WSH,RW,60,6,10,16,4,23,6,0,0,0,10,0,0,58,10.3,732:27,12:12,
André Burakovsky,28,SEA,LW,49,7,9,16,-15,14,2,5,0,1,5,4,0,92,7.6,713:41,14:34,
Brian Dumoulin,32,SEA,D,80,6,10,16,3,20,6,0,0,1,10,0,0,69,8.7,1361:15,17:01,
Martin Fehérváry,24,WSH,D,66,3,13,16,-7,24,3,0,0,0,12,0,1,61,4.9,1295:39,19:38,
Dougie Hamilton,30,NJD,D,20,5,11,16,-8,20,1,4,0,0,7,4,0,61,8.2,419:30,20:59,
Jack Johnson,37,COL,D,80,3,13,16,15,38,3,0,0,0,13,0,0,76,3.9,1194:11,14:56,
Kent Johnson,21,CBJ,C,42,6,10,16,-2,10,6,0,0,1,10,0,0,62,9.7,568:45,13:33,
Brett Kulak,30,EDM,D,82,3,13,16,0,30,3,0,0,1,12,1,0,94,3.2,1261:31,15:23,
Trevor Lewis,37,LAK,C,82,8,8,16,7,20,7,0,1,2,6,1,1,130,6.2,954:08,11:38,
Pat Maroon,35,2TM,LW,51,4,12,16,-11,60,4,0,0,0,11,1,0,56,7.1,654:56,12:51,
Pat Maroon,35,MIN,LW,49,4,12,16,-11,60,4,0,0,0,11,1,0,54,7.4,625:42,12:46,
Pat Maroon,35,BOS,LW,2,0,0,0,0,0,0,0,0,0,0,0,0,2,0.0,29:14,14:37,
Adam Pelech,29,NYI,D,58,1,15,16,-2,27,1,0,0,1,14,0,1,71,1.4,1176:20,20:17,
Lukas Reichel,21,CHI,LW,65,5,11,16,-29,12,3,2,0,0,11,0,0,84,6.0,917:11,14:07,
Brandon Tanev,32,SEA,LW,66,7,9,16,2,51,7,0,0,0,7,0,2,73,9.6,962:45,14:35,
Alex Vlasic,22,CHI,D,76,2,14,16,-4,45,2,0,0,1,12,2,0,71,2.8,1632:23,21:29,
Kailer Yamamoto,25,SEA,RW,59,8,8,16,-9,18,6,2,0,2,4,4,0,61,13.1,707:30,11:59,
Viktor Arvidsson,30,LAK,LW,18,6,9,15,4,14,5,1,0,1,5,4,0,59,10.2,300:27,16:42,
Tyson Barrie,32,NSH,D,41,1,14,15,-10,16,1,0,0,0,8,6,0,65,1.5,751:12,18:19,
Jeff Carter,39,PIT,C,72,11,4,15,-7,12,5,4,2,4,4,0,0,90,12.2,905:05,12:34,Byng-32
Nick Cousins,30,FLA,C,69,7,8,15,1,64,7,0,0,3,8,0,0,111,6.3,840:50,12:11,
Frédérick Gaudreau,30,MIN,C,67,5,10,15,-23,12,3,2,0,1,5,5,0,105,4.8,934:08,13:57,
Mark Jankowski,29,NSH,C,32,7,8,15,11,8,6,0,1,1,7,1,0,48,14.6,405:21,12:40,
Max Jones,25,ANA,LW,52,5,10,15,-6,33,5,0,0,0,9,1,0,76,6.6,627:01,12:03,
Arthur Kaliyev,22,LAK,RW,51,7,8,15,-3,14,4,3,0,0,7,1,0,101,6.9,601:55,11:48,
Kevin Korchinski,19,CHI,D,76,5,10,15,-39,20,5,0,0,2,3,7,0,93,5.4,1490:51,19:37,
Dominik Kubalík,28,OTT,LW,74,11,4,15,-30,19,7,4,0,2,4,0,0,91,12.1,897:01,12:07,
Blake Lizotte,26,LAK,C,62,7,8,15,11,20,5,0,2,2,7,0,1,76,9.2,732:54,11:49,
Alexander Nylander,25,2TM,LW,28,11,4,15,-1,6,9,2,0,2,4,0,0,72,15.3,454:58,16:15,
Alexander Nylander,25,CBJ,LW,23,11,4,15,-1,6,9,2,0,2,4,0,0,62,17.7,385:36,16:46,
Alexander Nylander,25,PIT,LW,5,0,0,0,0,0,0,0,0,0,0,0,0,10,0.0,69:22,13:52,
Jamie Oleksiak,31,SEA,D,82,2,13,15,-2,37,2,0,0,0,11,0,2,108,1.9,1611:11,19:39,
Victor Olofsson,28,BUF,RW,51,7,8,15,-1,4,6,1,0,1,6,2,0,66,10.6,590:01,11:34,
Matthew Poitras,19,BOS,C,33,5,10,15,4,6,5,0,0,1,9,1,0,40,12.5,442:04,13:24,
Conor Sheary,31,TBL,LW,57,4,11,15,-3,12,4,0,0,0,11,0,0,50,8.0,632:50,11:06,
Brendan Smith,34,NJD,D,63,5,10,15,-3,61,5,0,0,0,10,0,0,60,8.3,1014:20,16:06,
Kevin Stenlund,27,FLA,C,81,11,4,15,-10,62,9,0,2,3,4,0,0,81,13.6,1020:56,12:36,
Tomáš Tatar,33,2TM,LW,70,9,15,24,8,20,9,0,0,2,14,1,0,72,12.5,871:40,12:27,
Tomáš Tatar,33,SEA,LW,43,8,7,15,8,10,8,0,0,2,7,0,0,53,15.1,567:04,13:11,
Tomáš Tatar,33,COL,LW,27,1,8,9,0,10,1,0,0,0,7,1,0,19,5.3,304:36,11:17,
Trevor Zegras,22,ANA,C,31,6,9,15,-1,30,5,1,0,1,9,0,0,73,8.2,529:44,17:05,
Justin Bailey,28,SJS,RW,59,5,9,14,-15,6,5,0,0,0,8,1,0,70,7.1,665:34,11:17,
Jacob Bernard-Docker,23,OTT,D,72,4,10,14,-7,25,4,0,0,0,9,0,1,51,7.8,1129:56,15:42,
Zach Bogosian,33,2TM,D,65,3,11,14,11,63,3,0,0,1,10,0,1,83,3.6,1162:14,17:53,
Zach Bogosian,33,MIN,D,61,3,11,14,11,63,3,0,0,1,10,0,1,77,3.9,1114:26,18:16,
Zach Bogosian,33,TBL,D,4,0,0,0,0,0,0,0,0,0,0,0,0,6,0.0,47:48,11:57,
Jesper Boqvist,25,BOS,C,47,6,8,14,12,8,6,0,0,1,8,0,0,51,11.8,524:03,11:09,
Brandon Carlo,27,BOS,D,76,4,10,14,23,42,4,0,0,1,10,0,0,79,5.1,1512:41,19:54,
Connor Dewar,24,2TM,C,74,11,8,19,-8,28,10,0,1,0,8,0,0,77,14.3,862:06,11:39,
Connor Dewar,24,MIN,C,57,10,4,14,-6,20,9,0,1,0,4,0,0,57,17.5,642:41,11:17,
Connor Dewar,24,TOR,C,17,1,4,5,-2,8,1,0,0,0,4,0,0,20,5.0,219:25,12:54,
Hudson Fasching,28,NYI,RW,45,4,10,14,-7,6,4,0,0,1,10,0,0,41,9.8,541:55,12:03,
Zemgus Girgensons,30,BUF,C,63,8,6,14,-1,21,8,0,0,3,6,0,0,73,11.0,746:32,11:51,
Ryan Graves,28,PIT,D,70,3,11,14,10,30,3,0,0,1,11,0,0,77,3.9,1287:09,18:23,
Jordan Harris,23,MTL,D,56,3,11,14,-5,22,3,0,0,0,11,0,0,43,7.0,978:26,17:28,
Tanner Jeannot,26,TBL,F,55,7,7,14,-10,75,6,1,0,0,6,1,0,59,11.9,661:00,12:01,
Nick Jensen,33,WSH,D,78,1,13,14,-9,10,1,0,0,0,13,0,0,71,1.4,1531:06,19:38,Byng-42
Jeremy Lauzon,26,NSH,D,79,6,8,14,-3,98,6,0,0,0,8,0,0,103,5.8,1470:28,18:37,
Liam O'Brien,29,ARI,C,75,5,9,14,0,153,5,0,0,0,9,0,0,72,6.9,729:42,9:44,
Taylor Raddysh,25,CHI,RW,73,5,9,14,-19,22,3,1,1,0,7,2,0,120,4.2,1159:27,15:53,
Nate Schmidt,32,WPG,D,63,2,12,14,10,16,1,1,0,1,9,3,0,75,2.7,1059:26,16:49,
Logan Stankoven,20,DAL,C,24,6,8,14,10,4,5,1,0,0,7,1,0,51,11.8,352:08,14:40,
Chris Tanev,34,2TM,D,75,2,17,19,22,24,2,0,0,0,17,0,0,56,3.6,1476:17,19:41,
Chris Tanev,34,CGY,D,56,1,13,14,16,14,1,0,0,0,13,0,0,43,2.3,1111:01,19:50,
Chris Tanev,34,DAL,D,19,1,4,5,6,10,1,0,0,0,4,0,0,13,7.7,365:16,19:13,
Yakov Trenin,27,2TM,C,76,12,5,17,15,40,12,0,0,3,4,0,1,116,10.3,1107:35,14:34,
Yakov Trenin,27,NSH,C,60,10,4,14,12,38,10,0,0,2,3,0,1,94,10.6,903:53,15:04,
Yakov Trenin,27,COL,C,16,2,1,3,3,2,2,0,0,1,1,0,0,22,9.1,203:42,12:44,
Urho Vaakanainen,25,ANA,D,68,1,13,14,0,26,1,0,0,0,12,0,1,67,1.5,1188:22,17:29,
Trevor van Riemsdyk,32,WSH,D,70,0,14,14,-7,18,0,0,0,0,13,0,1,75,0.0,1306:31,18:40,
Zach Whitecloud,27,VEG,D,61,2,12,14,-3,32,2,0,0,1,11,0,1,51,3.9,1072:35,17:35,
Nikita Zadorov,28,2TM,D,75,6,14,20,0,125,6,0,0,1,13,0,1,90,6.7,1308:04,17:26,
Nikita Zadorov,28,VAN,D,54,5,9,14,6,102,5,0,0,1,8,0,1,61,8.2,921:36,17:04,
Nikita Zadorov,28,CGY,D,21,1,5,6,-6,23,1,0,0,0,5,0,0,29,3.4,386:28,18:24,
Alexander Barabanov,29,SJS,F,46,4,9,13,-24,12,4,0,0,0,7,2,0,67,6.0,730:08,15:52,
Justin Barron,22,MTL,D,48,7,6,13,-3,16,6,1,0,1,6,0,0,60,11.7,894:06,18:38,
Jake Bean,25,CBJ,D,72,4,9,13,-10,32,4,0,0,0,9,0,0,76,5.3,1175:33,16:20,
Erik Černák,26,TBL,D,69,2,11,13,5,63,2,0,0,0,11,0,0,53,3.8,1323:50,19:11,
Dante Fabbro,25,NSH,D,56,3,10,13,9,24,3,0,0,0,10,0,0,65,4.6,915:38,16:21,
Cody Glass,24,NSH,C,41,6,7,13,-9,20,6,0,0,1,6,1,0,82,7.3,550:43,13:26,
Johnathan Kovacevic,26,MTL,D,62,6,7,13,11,42,6,0,0,0,7,0,0,46,13.0,1024:08,16:31,
Mason Lohrei,23,BOS,D,41,4,9,13,-2,18,3,1,0,1,7,2,0,43,9.3,695:16,16:57,
Tanner Pearson,31,MTL,LW,54,5,8,13,-12,21,4,1,0,1,7,1,0,77,6.5,698:41,12:56,
Corey Perry,38,2TM,RW,54,12,10,22,-6,46,9,3,0,2,9,1,0,82,14.6,722:38,13:23,
Corey Perry,38,EDM,RW,38,8,5,13,-1,34,6,2,0,1,5,0,0,56,14.3,488:11,12:51,
Corey Perry,38,CHI,RW,16,4,5,9,-5,12,3,1,0,1,4,1,0,26,15.4,234:27,14:39,
Brett Pesce,29,CAR,D,70,3,10,13,10,20,3,0,0,1,10,0,0,107,2.8,1420:12,20:17,
Nick Seeler,30,PHI,D,71,1,12,13,9,78,1,0,0,0,8,0,4,100,1.0,1203:20,16:57,
Nico Sturm,28,SJS,C,63,5,8,13,-25,12,4,0,1,0,8,0,0,69,7.2,923:32,14:40,
Nathan Walker,29,STL,C,45,7,6,13,-1,18,7,0,0,0,6,0,0,43,16.3,486:27,10:49,
Calen Addison,23,2TM,D,72,1,16,17,-38,72,1,0,0,0,7,9,0,93,1.1,1243:03,17:16,
Calen Addison,23,SJS,D,60,1,11,12,-35,66,1,0,0,0,5,6,0,75,1.3,1041:22,17:21,
Calen Addison,23,MIN,D,12,0,5,5,-3,6,0,0,0,0,2,3,0,18,0.0,201:41,16:48,
Nathan Bastian,26,NJD,RW,54,5,7,12,-10,32,5,0,0,1,7,0,0,57,8.8,548:56,10:10,
Colin Blackwell,30,CHI,C,44,8,4,12,-2,10,7,1,0,2,4,0,0,88,9.1,637:40,14:30,
Connor Brown,30,EDM,RW,71,4,8,12,-8,10,4,0,0,0,8,0,0,108,3.7,908:46,12:48,Byng-59
Ryan Carpenter,33,SJS,C,62,5,7,12,-16,6,5,0,0,0,7,0,0,58,8.6,688:23,11:06,Byng-64
Barclay Goodrow,30,NYR,RW,80,4,8,12,-13,78,3,0,1,1,8,0,0,61,6.6,1005:08,12:34,
A.J. Greer,27,CGY,LW,59,6,6,12,-7,35,5,1,0,0,6,0,0,57,10.5,521:04,8:50,
Noah Gregor,25,TOR,C,63,6,6,12,-7,17,4,1,1,1,6,0,0,110,5.5,718:08,11:24,
Carl Grundström,26,LAK,RW,50,8,4,12,-2,12,6,1,1,1,4,0,0,95,8.4,546:51,10:56,
Nicolas Hague,25,VEG,D,73,2,10,12,-5,43,2,0,0,1,10,0,0,105,1.9,1354:20,18:33,
Jani Hakanpää,31,DAL,D,64,2,10,12,10,33,2,0,0,1,10,0,0,56,3.6,1193:22,18:39,
Mattias Janmark,31,EDM,C,71,4,8,12,0,46,4,0,0,0,8,0,0,67,6.0,844:34,11:54,
Mathieu Olivier,26,CBJ,F,54,5,7,12,-4,70,4,0,1,1,7,0,0,55,9.1,609:14,11:17,
Juuso Pärssinen,22,NSH,C,44,8,4,12,-6,12,6,2,0,0,3,1,0,54,14.8,642:23,14:36,
Michael Pezzetta,25,MTL,C,61,3,9,12,4,59,3,0,0,1,9,0,0,42,7.1,475:33,7:48,
Derek Ryan,37,EDM,C,70,5,7,12,-3,8,3,0,2,0,6,0,1,52,9.6,713:32,10:12,
Chris Tierney,29,NJD,C,52,4,8,12,3,21,4,0,0,0,8,0,0,26,15.4,469:18,9:02,
Marc-Édouard Vlasic,36,SJS,D,57,6,6,12,-27,26,6,0,0,1,6,0,0,72,8.3,928:00,16:17,
Kevin Bahl,23,NJD,D,82,1,10,11,1,82,1,0,0,1,10,0,0,63,1.6,1426:31,17:24,
Emil Bemström,24,2TM,C,56,8,8,16,-5,12,4,4,0,1,7,1,0,83,9.6,623:51,11:08,
Emil Bemström,24,CBJ,C,32,5,6,11,-5,10,2,3,0,0,6,0,0,49,10.2,413:12,12:55,
Emil Bemström,24,PIT,C,24,3,2,5,0,2,2,1,0,1,1,1,0,34,8.8,210:39,8:47,
Thomas Bordeleau,22,SJS,C,27,6,5,11,-18,18,2,4,0,1,2,3,0,48,12.5,405:39,15:01,
Sam Carrick,31,2TM,C,77,10,6,16,-11,102,7,1,2,0,6,0,0,92,10.9,940:54,12:13,
Sam Carrick,31,ANA,C,61,8,3,11,-11,90,5,1,2,0,3,0,0,77,10.4,770:01,12:37,
Sam Carrick,31,EDM,C,16,2,3,5,0,12,2,0,0,0,3,0,0,15,13.3,170:53,10:41,
Ian Cole,34,VAN,D,78,2,9,11,10,61,2,0,0,0,9,0,0,61,3.3,1457:46,18:41,
Tony DeAngelo,28,CAR,D,31,3,8,11,-7,24,1,2,0,0,4,4,0,44,6.8,444:31,14:20,
Vincent Desharnais,27,EDM,D,78,1,10,11,3,54,1,0,0,0,9,0,1,41,2.4,1226:47,15:44,
MacKenzie Entwistle,24,CHI,RW,67,5,6,11,-29,47,5,0,0,1,6,0,0,66,7.6,762:56,11:23,
Luke Glendening,34,TBL,C,81,10,1,11,-2,39,9,0,1,1,1,0,0,57,17.5,940:55,11:37,
Matt Grzelcyk,30,BOS,D,63,2,9,11,13,37,2,0,0,0,9,0,0,59,3.4,1108:39,17:36,Byng-71
Pierre-Olivier Joseph,24,PIT,D,52,2,9,11,-3,14,2,0,0,1,9,0,0,42,4.8,784:24,15:05,
Isac Lundeström,24,ANA,C,46,5,6,11,-1,2,4,0,1,0,5,1,0,38,13.2,659:41,14:20,
Jonathon Merrill,31,MIN,D,65,4,7,11,0,30,4,0,0,0,7,0,0,42,9.5,830:44,12:47,Byng-59
Henry Thrun,22,SJS,D,51,3,8,11,-22,16,1,2,0,0,6,2,0,48,6.3,1019:59,19:60,
John Beecher,22,BOS,C,52,7,3,10,-6,24,7,0,0,1,3,0,0,38,18.4,552:26,10:37,
Adam Boqvist,23,CBJ,D,35,1,9,10,-8,0,1,0,0,0,5,4,0,45,2.2,639:55,18:17,
Josh Brown,30,ARI,D,51,3,7,10,2,75,3,0,0,1,7,0,0,44,6.8,752:19,14:45,
Calvin de Haan,32,TBL,D,59,3,7,10,-9,22,3,0,0,0,7,0,0,56,5.4,980:54,16:38,
Phillip Di Giuseppe,30,VAN,LW,51,5,5,10,-1,36,5,0,0,1,5,0,0,52,9.6,616:52,12:06,
Mathew Dumba,29,2TM,D,76,4,8,12,-18,88,4,0,0,0,8,0,0,86,4.7,1499:41,19:44,
Mathew Dumba,29,ARI,D,58,4,6,10,-13,55,4,0,0,0,6,0,0,61,6.6,1164:05,20:04,
Mathew Dumba,29,TBL,D,18,0,2,2,-5,33,0,0,0,0,2,0,0,25,0.0,335:36,18:39,
Ty Emberson,23,SJS,D,30,1,9,10,-4,6,1,0,0,0,8,1,0,31,3.2,556:29,18:33,
Andreas Englund,28,LAK,D,82,1,9,10,-3,81,1,0,0,0,9,0,0,41,2.4,1084:14,13:13,
Sam Gagner,34,EDM,C,28,5,5,10,-2,10,5,0,0,2,4,1,0,48,10.4,285:53,10:13,
Alex Goligoski,38,MIN,D,36,0,10,10,-8,18,0,0,0,0,8,2,0,32,0.0,533:06,14:49,
Rafaël Harvey-Pinard,25,MTL,LW,45,2,8,10,-2,6,2,0,0,0,7,0,1,26,7.7,568:42,12:38,
Barrett Hayton,23,ARI,C,33,3,7,10,-13,26,2,1,0,0,6,1,0,66,4.5,561:27,17:01,
Ben Hutton,30,VEG,D,41,2,8,10,12,17,2,0,0,0,7,1,0,67,3.0,666:34,16:15,
David Jiříček,20,CBJ,D,43,1,9,10,-4,22,1,0,0,1,9,0,0,38,2.6,627:42,14:36,
Mark Kastelic,24,OTT,C,63,5,5,10,-5,63,5,0,0,0,5,0,0,60,8.3,486:38,7:43,
Klim Kostin,24,2TM,C,52,8,6,14,-12,53,8,0,0,0,5,1,0,43,18.6,567:17,10:55,
Klim Kostin,24,SJS,C,19,5,5,10,-10,15,5,0,0,0,4,1,0,21,23.8,279:53,14:44,
Klim Kostin,24,DET,C,33,3,1,4,-2,38,3,0,0,0,1,0,0,22,13.6,287:24,8:43,
Jakub Lauko,23,BOS,C,60,2,8,10,-3,32,2,0,0,0,8,0,0,43,4.7,589:15,9:49,
Sam Malinski,25,COL,D,23,3,7,10,3,6,2,1,0,1,6,1,0,31,9.7,327:11,14:14,
Zach Parise,39,COL,LW,30,5,5,10,-7,8,5,0,0,1,3,2,0,50,10.0,389:01,12:58,
Jayden Struble,22,MTL,D,56,3,7,10,-3,57,3,0,0,0,7,0,0,47,6.4,902:16,16:07,
Conor Timmins,25,TOR,D,25,1,9,10,9,18,1,0,0,0,7,2,0,25,4.0,400:32,16:01,
Arber Xhekaj,23,MTL,D,44,3,7,10,6,81,3,0,0,0,7,0,0,61,4.9,700:48,15:56,
Sebastian Aho,27,NYI,D,58,2,7,9,-7,12,2,0,0,0,5,2,0,48,4.2,950:42,16:23,
Andreas Athanasiou,29,CHI,C,28,2,7,9,-7,7,2,0,0,0,5,2,0,44,4.5,366:44,13:06,
Alex Barré-Boulet,26,TBL,F,36,6,3,9,-9,10,4,2,0,0,3,0,0,46,13.0,402:48,11:11,
Zachary Bolduc,20,STL,C,25,5,4,9,0,6,5,0,0,0,4,0,0,38,13.2,300:23,12:01,
Matthew Coronato,21,CGY,RW,34,3,6,9,-15,4,2,1,0,0,6,0,0,58,5.2,428:47,12:37,
Ty Dellandrea,23,DAL,C,42,2,7,9,-10,23,2,0,0,0,7,0,0,53,3.8,532:12,12:40,
Josh Doan,21,ARI,RW,11,5,4,9,6,0,5,0,0,1,4,0,0,23,21.7,135:24,12:19,
Christian Dvorak,27,MTL,C,30,5,4,9,-5,4,4,1,0,0,4,0,0,35,14.3,465:56,15:32,
Ryker Evans,22,SEA,D,36,1,8,9,-5,20,1,0,0,0,3,5,0,44,2.3,690:26,19:11,
Julien Gauthier,26,NYI,RW,27,5,4,9,-5,8,5,0,0,1,4,0,0,32,15.6,274:35,10:10,
Mark Giordano,40,TOR,D,46,3,6,9,10,49,3,0,0,1,6,0,0,59,5.1,764:23,16:37,
Dylan Holloway,22,EDM,C,38,6,3,9,-1,29,5,1,0,0,3,0,0,56,10.7,432:07,11:22,
Zachary Jones,23,NYR,D,31,2,7,9,1,8,2,0,0,1,7,0,0,42,4.8,453:29,14:38,
Boris Katchouk,25,2TM,LW,59,7,6,13,-6,12,6,0,1,0,6,0,0,70,10.0,677:15,11:29,
Boris Katchouk,25,CHI,LW,38,5,4,9,-2,12,4,0,1,0,4,0,0,52,9.6,473:16,12:27,
Boris Katchouk,25,OTT,LW,21,2,2,4,-4,0,2,0,0,0,2,0,0,18,11.1,203:59,9:43,
Joel Kiviranta,27,COL,F,56,3,6,9,-1,12,3,0,0,0,6,0,0,48,6.3,551:00,9:50,
Kaedan Korczak,23,VEG,D,26,1,8,9,12,8,1,0,0,0,7,1,0,32,3.1,429:08,16:30,
Kevin Labanc,28,SJS,RW,46,2,7,9,-27,16,2,0,0,0,4,3,0,60,3.3,534:37,11:37,
Patrik Laine,25,CBJ,RW,18,6,3,9,-10,6,5,1,0,0,2,1,0,41,14.6,273:56,15:13,
Vinni Lettieri,28,MIN,C,46,5,4,9,-7,24,5,0,0,1,4,0,0,47,10.6,440:57,9:35,
Jacob MacDonald,30,SJS,D,34,7,2,9,-14,23,4,3,0,0,1,1,0,49,14.3,408:44,12:01,
Kyle MacLean,24,NYI,F,32,4,5,9,5,11,4,0,0,0,5,0,0,26,15.4,322:46,10:05,
Josh Mahura,25,FLA,D,30,0,9,9,-2,20,0,0,0,0,8,0,1,25,0.0,377:46,12:36,
Tyler Motte,28,TBL,C,69,6,3,9,-8,28,4,0,2,2,3,0,0,83,7.2,858:34,12:27,
Fredrik Olofsson,27,COL,LW,57,3,6,9,-5,8,3,0,0,1,6,0,0,45,6.7,556:12,9:45,
Eric Robinson,28,2TM,LW,47,3,7,10,-3,19,3,0,0,1,7,0,0,61,4.9,532:36,11:20,
Eric Robinson,28,BUF,LW,40,2,7,9,0,19,2,0,0,0,7,0,0,52,3.8,439:53,10:60,
Eric Robinson,28,CBJ,LW,7,1,0,1,-3,0,1,0,0,1,0,0,0,9,11.1,92:43,13:15,
Joshua Roy,20,MTL,RW,23,4,5,9,-2,0,4,0,0,0,5,0,0,34,11.8,279:14,12:08,
Adam Ružička,24,2TM,C,42,3,6,9,-9,12,3,0,0,1,2,4,0,35,8.6,421:08,10:02,
Adam Ružička,24,CGY,C,39,3,6,9,-8,6,3,0,0,1,2,4,0,34,8.8,396:16,10:10,
Adam Ružička,24,ARI,C,3,0,0,0,-1,6,0,0,0,0,0,0,0,1,0.0,24:52,8:17,
Jonas Siegenthaler,26,NJD,D,57,1,8,9,-7,20,1,0,0,0,8,0,0,63,1.6,1102:18,19:20,
Jarred Tinordi,31,CHI,D,52,0,9,9,-27,64,0,0,0,0,8,0,1,32,0.0,813:35,15:39,
Olen Zellweger,20,ANA,D,26,2,7,9,-6,4,2,0,0,0,5,2,0,34,5.9,501:24,19:17,
Anthony Beauvillier,26,3TM,LW,60,5,12,17,-8,8,3,2,0,0,10,2,0,105,4.8,814:51,13:35,
Anthony Beauvillier,26,VAN,LW,22,2,6,8,8,4,1,1,0,0,5,1,0,37,5.4,300:21,13:39,
Anthony Beauvillier,26,CHI,LW,23,2,4,6,-10,2,2,0,0,0,3,1,0,36,5.6,330:18,14:22,
Anthony Beauvillier,26,NSH,LW,15,1,2,3,-6,2,0,1,0,0,2,0,0,32,3.1,184:12,12:17,
Travis Boyd,30,ARI,C,16,2,6,8,3,2,2,0,0,1,6,0,0,12,16.7,153:57,9:37,
Brendan Brisson,22,VEG,C,15,2,6,8,-5,2,1,1,0,1,5,1,0,20,10.0,185:03,12:20,
Jacob Bryson,26,BUF,D,36,1,7,8,5,8,1,0,0,0,7,0,0,15,6.7,528:22,14:41,
Kyle Burroughs,28,SJS,D,73,2,6,8,-42,71,2,0,0,1,5,1,0,79,2.5,1397:38,19:09,
William Carrier,29,VEG,LW,39,6,2,8,3,16,6,0,0,0,2,0,0,65,9.2,435:40,11:10,
Declan Chisholm,24,2TM,D,31,3,6,9,-7,18,1,2,0,0,3,3,0,29,10.3,512:24,16:32,
Declan Chisholm,24,MIN,D,29,3,5,8,-8,18,1,2,0,0,2,3,0,29,10.3,489:18,16:52,
Declan Chisholm,24,WPG,D,2,0,1,1,1,0,0,0,0,0,1,0,0,0,,23:06,11:33,
Brandon Duhaime,26,2TM,RW,80,5,8,13,-5,70,4,0,1,0,8,0,0,92,5.4,868:47,10:52,
Brandon Duhaime,26,MIN,RW,62,4,4,8,-7,66,3,0,1,0,4,0,0,68,5.9,662:16,10:41,
Brandon Duhaime,26,COL,RW,18,1,4,5,2,4,1,0,0,0,4,0,0,24,4.2,206:31,11:28,
Cole Guttman,24,CHI,C,27,4,4,8,-17,7,2,2,0,0,3,1,0,50,8.0,340:44,12:37,
Dryden Hunt,28,CGY,LW,28,3,5,8,1,7,3,0,0,1,5,0,0,33,9.1,311:37,11:08,
Oliver Kylington,26,CGY,D,33,3,5,8,-6,12,3,0,0,0,5,0,0,42,7.1,569:11,17:15,
Matt Martin,34,NYI,LW,57,4,4,8,7,43,4,0,0,0,4,0,0,48,8.3,530:49,9:19,
Dakota Mermis,30,MIN,D,47,3,5,8,-2,33,3,0,0,0,5,0,0,42,7.1,662:06,14:05,
Colin Miller,31,2TM,D,46,4,5,9,8,26,4,0,0,0,4,1,0,69,5.8,722:26,15:42,
Colin Miller,31,NJD,D,41,4,4,8,10,24,4,0,0,0,4,0,0,65,6.2,652:39,15:55,
Colin Miller,31,WPG,D,5,0,1,1,-2,2,0,0,0,0,0,1,0,4,0.0,69:47,13:57,
Connor Murphy,30,CHI,D,46,2,6,8,-19,40,2,0,0,0,6,0,0,51,3.9,912:16,19:50,
Nikita Okhotyuk,23,2TM,D,52,1,8,9,-24,48,1,0,0,1,8,0,0,52,1.9,827:27,15:55,
Nikita Okhotyuk,23,SJS,D,43,1,7,8,-22,44,1,0,0,1,7,0,0,48,2.1,707:19,16:27,
Nikita Okhotyuk,23,CGY,D,9,0,1,1,-2,4,0,0,0,0,1,0,0,4,0.0,120:08,13:21,
Andrew Peeke,25,2TM,D,38,1,9,10,-1,14,1,0,0,0,8,0,1,37,2.7,623:09,16:24,
Andrew Peeke,25,CBJ,D,23,1,7,8,-2,6,1,0,0,0,6,0,1,24,4.2,359:03,15:37,
Andrew Peeke,25,BOS,D,15,0,2,2,1,8,0,0,0,0,2,0,0,13,0.0,264:06,17:36,
Marco Scandella,33,STL,D,65,2,6,8,2,15,1,0,1,1,6,0,0,42,4.8,810:48,12:28,
Parker Wotherspoon,26,BOS,D,41,0,8,8,6,31,0,0,0,0,8,0,0,32,0.0,726:36,17:43,
Jesse Ylönen,24,MTL,RW,59,4,4,8,2,12,4,0,0,1,4,0,0,50,8.0,604:00,10:14,
Noel Acciari,32,PIT,C,55,4,3,7,-7,10,4,0,0,1,3,0,0,59,6.8,713:24,12:58,
Nils Åman,23,VAN,C,43,3,4,7,-3,8,3,0,0,0,4,0,0,28,10.7,444:22,10:20,
Pierre-Édouard Bellemare,38,SEA,LW,40,4,3,7,4,6,3,0,1,0,3,0,0,36,11.1,393:32,9:50,
Sammy Blais,27,STL,LW,53,1,6,7,-11,31,1,0,0,0,6,0,0,33,3.0,513:32,9:41,
Justin Brazeau,25,BOS,F,19,5,2,7,4,2,3,2,0,1,2,0,0,31,16.1,211:14,11:07,
Mitchell Chaffee,26,TBL,F,30,4,3,7,2,4,4,0,0,0,3,0,0,27,14.8,338:39,11:17,
Travis Dermott,27,ARI,D,50,2,5,7,-14,26,2,0,0,0,5,0,0,38,5.3,863:58,17:17,
Dillon Dubé,25,CGY,C,43,3,4,7,-13,8,2,1,0,0,4,0,0,42,7.1,480:03,11:10,
Walker Duehr,26,CGY,F,40,2,5,7,-3,6,2,0,0,0,5,0,0,29,6.9,324:40,8:07,
Dennis Gilbert,27,CGY,D,34,1,6,7,-7,16,1,0,0,0,6,0,0,23,4.3,417:38,12:17,
David Gustafsson,23,WPG,C,39,3,4,7,1,0,3,0,0,0,4,0,0,27,11.1,361:05,9:16,
Ryan Johnson,22,BUF,D,41,0,7,7,3,12,0,0,0,0,7,0,0,35,0.0,568:33,13:52,
Noah Juulsen,26,VAN,D,54,1,6,7,-1,22,1,0,0,0,6,0,0,30,3.3,804:18,14:54,
Wyatt Kaiser,21,CHI,D,32,0,7,7,0,22,0,0,0,0,7,0,0,18,0.0,554:00,17:19,
Matthew Kessel,23,STL,D,39,1,6,7,0,12,1,0,0,0,6,0,0,28,3.6,654:59,16:48,
Ryan Lomberg,29,FLA,LW,75,5,2,7,-1,80,4,1,0,2,2,0,0,68,7.4,715:31,9:32,
Daniil Miromanov,26,2TM,D,24,3,4,7,-2,8,3,0,0,0,2,2,0,46,6.5,497:20,20:43,
Daniil Miromanov,26,CGY,D,20,3,4,7,0,8,3,0,0,0,2,2,0,40,7.5,425:08,21:15,
Daniil Miromanov,26,VEG,D,4,0,0,0,-2,0,0,0,0,0,0,0,0,6,0.0,72:12,18:03,
Mattias Samuelsson,23,BUF,D,41,1,6,7,4,26,1,0,0,1,6,0,0,44,2.3,840:30,20:30,
Luke Schenn,34,NSH,D,63,1,6,7,1,43,1,0,0,0,6,0,0,81,1.2,956:37,15:11,
Michael Sgarbossa,31,WSH,C,25,4,3,7,0,2,4,0,0,1,2,1,0,27,14.8,274:16,10:58,
Nikita Zaitsev,32,CHI,D,38,2,5,7,-5,14,2,0,0,0,3,2,0,31,6.5,605:22,15:56,
Radim Zohorna,27,PIT,F,33,4,3,7,0,18,4,0,0,1,3,0,0,38,10.5,322:14,9:46,
Jonatan Berggren,23,DET,RW,12,2,4,6,-1,2,2,0,0,0,4,0,0,14,14.3,130:20,10:52,
Filip Chytil,24,NYR,C,10,0,6,6,0,4,0,0,0,0,5,1,0,22,0.0,159:18,15:56,
Brandt Clarke,20,LAK,D,16,2,4,6,-6,10,2,0,0,1,1,3,0,31,6.5,218:25,13:39,
Joel Edmundson,30,2TM,D,53,1,5,6,-2,23,1,0,0,0,5,0,0,46,2.2,883:18,16:40,
Joel Edmundson,30,WSH,D,44,1,5,6,-5,19,1,0,0,0,5,0,0,41,2.4,723:08,16:26,
Joel Edmundson,30,TOR,D,9,0,0,0,3,4,0,0,0,0,0,0,0,5,0.0,160:10,17:48,
Travis Hamonic,33,OTT,D,48,2,4,6,-10,40,2,0,0,0,4,0,0,50,4.0,707:18,14:44,
Tyson Jost,25,BUF,C,43,3,3,6,-11,10,3,0,0,0,3,0,0,48,6.3,455:38,10:36,
Gustav Lindström,25,2TM,D,46,3,7,10,12,24,3,0,0,0,7,0,0,29,10.3,708:24,15:24,
Gustav Lindström,25,ANA,D,32,0,6,6,12,18,0,0,0,0,6,0,0,14,0.0,494:28,15:27,
Gustav Lindström,25,MTL,D,14,3,1,4,0,6,3,0,0,0,1,0,0,15,20.0,213:56,15:17,
Ivan Miroshnichenko,19,WSH,LW,21,2,4,6,-4,6,2,0,0,0,3,1,0,30,6.7,254:57,12:08,
Tomáš Nosek,31,NJD,C,36,2,4,6,-11,6,2,0,0,0,4,0,0,38,5.3,425:07,11:49,
Brayden Pachal,24,2TM,D,50,2,5,7,-3,51,2,0,0,0,4,0,1,52,3.8,733:50,14:41,
Brayden Pachal,24,CGY,D,33,1,5,6,-1,39,1,0,0,0,4,0,1,34,2.9,485:29,14:43,
Brayden Pachal,24,VEG,D,17,1,0,1,-2,12,1,0,0,0,0,0,0,18,5.6,248:21,14:37,
Isaak Phillips,22,CHI,D,33,0,6,6,-26,22,0,0,0,0,6,0,0,31,0.0,563:24,17:04,
Ryan Reaves,37,TOR,RW,49,4,2,6,-13,49,4,0,0,0,2,0,0,26,15.4,397:42,8:07,
Carson Soucy,29,VAN,D,40,2,4,6,10,12,1,1,0,0,3,1,0,29,6.9,699:25,17:29,
Jakub Vrána,27,STL,LW,21,2,4,6,-7,8,2,0,0,0,4,0,0,42,4.8,254:39,12:08,
Oliver Wahlstrom,23,NYI,RW,32,2,4,6,-6,8,1,1,0,0,3,1,0,41,4.9,354:15,11:04,
Simon Benoit,25,TOR,D,64,1,4,5,7,56,1,0,0,0,4,0,0,52,1.9,1102:36,17:14,
Samuel Bolduc,23,NYI,D,34,2,3,5,-4,6,1,1,0,0,3,0,0,32,6.3,446:56,13:09,
Nick Bonino,35,NYR,C,45,1,4,5,-12,8,1,0,0,0,4,0,0,31,3.2,551:26,12:15,
Nick DeSimone,29,2TM,D,34,2,5,7,3,4,2,0,0,1,5,0,0,28,7.1,458:21,13:29,
Nick DeSimone,29,CGY,D,23,1,4,5,-4,2,1,0,0,1,4,0,0,19,5.3,276:58,12:03,
Nick DeSimone,29,NJD,D,11,1,1,2,7,2,1,0,0,0,1,0,0,9,11.1,181:23,16:29,
Jamie Drysdale,21,2TM,D,34,3,7,10,-20,8,2,1,0,0,5,1,1,55,5.5,667:12,19:37,
Jamie Drysdale,21,ANA,D,10,1,4,5,-2,4,1,0,0,0,3,0,1,21,4.8,215:53,21:35,
Jamie Drysdale,21,PHI,D,24,2,3,5,-18,4,1,1,0,0,2,1,0,34,5.9,451:19,18:48,
Haydn Fleury,27,TBL,D,24,1,4,5,5,20,1,0,0,0,4,0,0,25,4.0,386:58,16:07,
Justin Holl,32,DET,D,38,0,5,5,8,22,0,0,0,0,5,0,0,14,0.0,573:07,15:05,
Reese Johnson,25,CHI,F,42,2,3,5,-20,40,2,0,0,0,3,0,0,51,3.9,459:11,10:56,
Caleb Jones,26,COL,D,25,0,5,5,4,8,0,0,0,0,5,0,0,19,0.0,305:12,12:12,
Axel Jonsson-Fjällby,25,WPG,LW,26,2,3,5,6,0,2,0,0,1,3,0,0,23,8.7,210:56,8:07,
John Klingberg,31,TOR,D,14,0,5,5,-7,8,0,0,0,0,3,2,0,14,0.0,287:43,20:33,
Brendan Lemieux,27,CAR,LW,32,3,2,5,0,64,3,0,0,1,2,0,0,29,10.3,256:13,8:00,
Jake Lucchini,28,MIN,F,40,2,3,5,-3,23,2,0,0,0,3,0,0,22,9.1,383:55,9:36,
John Ludvig,23,PIT,D,33,3,2,5,-12,47,3,0,0,1,2,0,0,24,12.5,389:36,11:48,
Olle Lycksell,24,PHI,RW,18,1,4,5,0,6,1,0,0,0,4,0,0,29,3.4,179:02,9:57,
Jacob Markström,34,CGY,G,48,0,5,5,0,0,0,0,0,0,3,2,0,0,,2831:07,58:59,ASnhl-8
Emil Martinsen Lilleberg,22,TBL,D,37,0,5,5,-15,16,0,0,0,0,5,0,0,31,0.0,599:34,16:12,
Scott Mayfield,31,NYI,D,41,0,5,5,-7,35,0,0,0,0,5,0,0,36,0.0,769:21,18:46,
Matthew Phillips,25,2TM,F,31,1,4,5,-3,0,1,0,0,0,4,0,0,21,4.8,315:39,10:11,
Matthew Phillips,25,WSH,F,28,1,4,5,-3,0,1,0,0,0,4,0,0,17,5.9,281:40,10:04,
Matthew Phillips,25,PIT,F,3,0,0,0,0,0,0,0,0,0,0,0,0,4,0.0,33:59,11:20,
Jared Spurgeon,34,MIN,D,16,0,5,5,5,2,0,0,0,0,2,3,0,21,0.0,373:14,23:20,
Marc Staal,37,PHI,D,35,1,4,5,2,14,1,0,0,0,4,0,0,20,5.0,483:25,13:49,
Troy Stecher,29,2TM,D,54,1,6,7,9,32,1,0,0,0,6,0,0,51,2.0,978:26,18:07,
Troy Stecher,29,ARI,D,47,1,4,5,5,24,1,0,0,0,4,0,0,45,2.2,866:25,18:26,
Troy Stecher,29,EDM,D,7,0,2,2,4,8,0,0,0,0,2,0,0,6,0.0,112:01,16:00,
Dominic Toninato,29,WPG,C,15,1,4,5,7,6,1,0,0,1,4,0,0,12,8.3,152:52,10:11,
Shane Wright,20,SEA,C,8,4,1,5,1,0,4,0,0,3,0,1,0,12,33.3,108:17,13:32,
Jaret Anderson-Dolan,24,2TM,C,31,1,3,4,-5,6,0,0,1,0,3,0,0,31,3.2,342:33,11:03,
Jaret Anderson-Dolan,24,LAK,C,30,1,3,4,-4,6,0,0,1,0,3,0,0,29,3.4,328:54,10:58,
Jaret Anderson-Dolan,24,NSH,C,1,0,0,0,-1,0,0,0,0,0,0,0,0,2,0.0,13:39,13:39,
Ethan Bear,26,WSH,D,24,1,3,4,-5,10,1,0,0,1,3,0,0,24,4.2,357:44,14:54,
Louis Belpedio,27,PHI,D,12,2,2,4,6,0,2,0,0,1,2,0,0,12,16.7,158:26,13:12,
Nicolas Deslauriers,32,PHI,LW,60,1,3,4,-7,89,1,0,0,0,3,0,0,49,2.0,488:58,8:09,
Derek Forbort,31,BOS,D,35,0,4,4,8,17,0,0,0,0,4,0,0,22,0.0,622:47,17:48,
Jonah Gadjovich,25,FLA,LW,39,2,2,4,0,104,2,0,0,0,2,0,0,29,6.9,289:49,7:26,
Brendan Gaunce,29,CBJ,C,24,2,2,4,-7,6,2,0,0,0,2,0,0,24,8.3,281:53,11:45,
Taylor Hall,32,CHI,LW,10,2,2,4,-3,4,2,0,0,1,1,1,0,20,10.0,163:18,16:20,
Jansen Harkins,26,PIT,C,45,0,4,4,-4,21,0,0,0,0,4,0,0,37,0.0,369:22,8:12,
Ross Johnston,29,ANA,LW,68,1,3,4,-12,117,1,0,0,0,3,0,0,44,2.3,557:24,8:12,
Marat Khusnutdinov,21,MIN,C,16,1,3,4,-3,6,0,1,0,0,3,0,0,6,16.7,209:46,13:07,
Vladislav Kolyachonok,22,ARI,D,5,1,3,4,5,2,1,0,0,0,3,0,0,5,20.0,62:22,12:28,
William Lagesson,27,2TM,D,40,0,4,4,3,32,0,0,0,0,4,0,0,19,0.0,591:54,14:48,
William Lagesson,27,TOR,D,30,0,4,4,5,19,0,0,0,0,4,0,0,12,0.0,435:26,14:31,
William Lagesson,27,ANA,D,10,0,0,0,-2,13,0,0,0,0,0,0,0,7,0.0,156:28,15:39,
Ilya Lyubushkin,29,2TM,D,74,0,8,8,-11,57,0,0,0,0,8,0,0,47,0.0,1267:14,17:07,
Ilya Lyubushkin,29,ANA,D,55,0,4,4,-13,51,0,0,0,0,4,0,0,38,0.0,943:11,17:09,
Ilya Lyubushkin,29,TOR,D,19,0,4,4,2,6,0,0,0,0,4,0,0,9,0.0,324:03,17:03,
James Malatesta,20,CBJ,LW,11,2,2,4,-1,5,2,0,0,0,2,0,0,12,16.7,112:23,10:13,
Mason Morelli,27,VEG,F,9,3,1,4,-3,0,2,1,0,0,1,0,0,9,33.3,96:47,10:45,
Matthew Nieto,31,PIT,LW,22,1,3,4,5,4,1,0,0,0,3,0,0,13,7.7,255:27,11:37,
Tyler Pitlick,32,NYR,C,34,1,3,4,-6,4,1,0,0,0,3,0,0,32,3.1,346:44,10:12,
Jesse Puljujärvi,25,PIT,RW,22,3,1,4,2,6,3,0,0,0,1,0,0,29,10.3,202:09,9:11,
Rasmus Ristolainen,29,PHI,D,31,1,3,4,-6,8,1,0,0,0,3,0,0,46,2.2,517:25,16:41,
Kevin Rooney,30,CGY,C,33,3,1,4,-4,2,3,0,0,0,1,0,0,27,11.1,370:07,11:13,
Chad Ruhwedel,33,2TM,D,52,1,3,4,-6,4,1,0,0,0,3,0,0,35,2.9,660:25,12:42,
Chad Ruhwedel,33,PIT,D,47,1,3,4,-4,4,1,0,0,0,3,0,0,34,2.9,589:45,12:33,
Chad Ruhwedel,33,NYR,D,5,0,0,0,-2,0,0,0,0,0,0,0,0,1,0.0,70:40,14:08,
Zach Sanford,29,2TM,LW,29,0,6,6,0,6,0,0,0,0,5,1,0,24,0.0,314:16,10:50,
Zach Sanford,29,CHI,LW,18,0,4,4,-3,2,0,0,0,0,3,1,0,15,0.0,212:30,11:48,
Zach Sanford,29,ARI,LW,11,0,2,2,3,4,0,0,0,0,2,0,0,9,0.0,101:46,9:15,
Devin Shore,29,SEA,C,21,1,3,4,3,4,1,0,0,0,3,0,0,15,6.7,168:09,8:00,
Landon Slaggert,21,CHI,LW,16,1,3,4,1,4,1,0,0,0,3,0,0,14,7.1,180:14,11:16,
Givani Smith,25,SJS,RW,36,1,3,4,-13,40,1,0,0,0,3,0,0,31,3.2,281:08,7:49,
Spencer Stastney,24,NSH,D,20,2,2,4,9,4,2,0,0,1,2,0,0,11,18.2,319:40,15:59,
Akil Thomas,24,LAK,C,7,3,1,4,0,2,3,0,0,1,1,0,0,9,33.3,61:06,8:44,
Alex Turcotte,22,LAK,C,20,1,3,4,5,6,1,0,0,0,3,0,0,14,7.1,185:36,9:17,
Austin Watson,32,TBL,LW,33,2,2,4,2,93,2,0,0,0,2,0,0,17,11.8,239:44,7:16,
Maxwell Willman,28,NJD,C,18,3,1,4,1,2,3,0,0,1,1,0,0,17,17.6,149:59,8:20,
Alexander Alexeyev,24,WSH,D,39,1,2,3,-8,6,1,0,0,0,2,0,0,20,5.0,534:09,13:42,
Uvis Balinskis,27,FLA,D,26,1,2,3,0,8,1,0,0,0,2,0,0,22,4.5,366:38,14:06,
Jordan Binnington,30,STL,G,57,0,3,3,0,8,0,0,0,0,3,0,0,0,,3291:29,57:45,ASnhl-5
Rourke Chartier,27,OTT,C,37,2,1,3,-4,14,2,0,0,1,1,0,0,40,5.0,398:28,10:46,
Louis Crevier,22,CHI,D,24,0,3,3,-16,4,0,0,0,0,3,0,0,18,0.0,376:24,15:41,
Angus Crookshank,24,OTT,LW,13,2,1,3,-3,4,2,0,0,1,1,0,0,20,10.0,131:28,10:07,
Marc Del Gaizo,24,NSH,D,9,0,3,3,2,2,0,0,0,0,3,0,0,8,0.0,148:09,16:28,
Trey Fix-Wolansky,24,CBJ,RW,11,2,1,3,0,2,2,0,0,0,1,0,0,17,11.8,120:52,10:59,
Liam Foudy,23,2TM,C,13,0,3,3,-2,2,0,0,0,0,3,0,0,7,0.0,129:42,9:59,
Liam Foudy,23,NSH,C,12,0,3,3,-2,2,0,0,0,0,3,0,0,7,0.0,121:46,10:09,
Liam Foudy,23,CBJ,C,1,0,0,0,0,0,0,0,0,0,0,0,0,0,,7:56,7:56,
James Hamblin,24,EDM,F,31,2,1,3,3,0,2,0,0,0,1,0,0,18,11.1,245:40,7:55,
Joel Hanley,32,2TM,D,42,1,4,5,3,30,1,0,0,0,4,0,0,19,5.3,583:36,13:54,
Joel Hanley,32,DAL,D,32,0,3,3,3,23,0,0,0,0,3,0,0,12,0.0,438:16,13:42,
Joel Hanley,32,CGY,D,10,1,1,2,0,7,1,0,0,0,1,0,0,7,14.3,145:20,14:32,
Vinnie Hinostroza,29,PIT,C,14,1,2,3,-3,4,1,0,0,0,2,0,0,27,3.7,136:30,9:45,
Connor Ingram,26,ARI,G,50,0,3,3,0,0,0,0,0,0,3,0,0,0,,2802:56,56:04,
Erik Johnson,35,2TM,D,67,5,1,6,-14,26,5,0,0,1,1,0,0,60,8.3,969:43,14:28,
Erik Johnson,35,BUF,D,50,3,0,3,-5,24,3,0,0,1,0,0,0,40,7.5,690:24,13:48,
Erik Johnson,35,PHI,D,17,2,1,3,-9,2,2,0,0,0,1,0,0,20,10.0,279:19,16:26,
Steven Lorentz,27,FLA,C,38,1,2,3,-9,10,1,0,0,1,2,0,0,30,3.3,333:54,8:47,
Tristan Luneau,20,ANA,D,7,1,2,3,1,4,1,0,0,0,2,0,0,11,9.1,125:06,17:52,
Zack MacEwen,27,OTT,C,30,2,1,3,-4,57,2,0,0,1,1,0,0,17,11.8,191:59,6:24,
Brock McGinn,29,ANA,LW,24,1,2,3,-5,4,1,0,0,0,2,0,0,24,4.2,265:53,11:05,
Jakob Pelletier,22,CGY,LW,13,1,2,3,1,2,1,0,0,1,2,0,0,9,11.1,120:31,9:16,
Sheldon Rempal,28,VEG,RW,9,2,1,3,-2,4,1,1,0,0,1,0,0,16,12.5,89:45,9:58,
Anthony Richard,27,BOS,C,9,1,2,3,0,2,1,0,0,0,2,0,0,6,16.7,95:28,10:36,
Jonas Røndbjerg,24,VEG,RW,20,1,2,3,2,0,1,0,0,0,2,0,0,25,4.0,225:32,11:17,
Mason Shaw,25,MIN,C,20,1,2,3,0,34,1,0,0,0,2,0,0,21,4.8,163:42,8:11,
Ilya Solovyov,23,CGY,D,10,0,3,3,-3,4,0,0,0,0,2,0,1,10,0.0,158:57,15:54,
Mitchell Stephens,26,MTL,C,23,2,1,3,2,4,2,0,0,0,1,0,0,16,12.5,208:11,9:03,
Cam Talbot,36,LAK,G,54,0,3,3,0,4,0,0,0,0,2,1,0,0,,3116:07,57:42,"ASG,ASnhl-15"
Logan Thompson,26,VEG,G,46,0,3,3,0,0,0,0,0,0,0,3,0,0,,2645:28,57:31,
Nikita Alexandrov,23,STL,C,23,0,2,2,-4,4,0,0,0,0,2,0,0,15,0.0,196:06,8:32,
Ronald Attard,24,PHI,D,12,0,2,2,1,6,0,0,0,0,2,0,0,14,0.0,184:37,15:23,
Adam Beckman,22,MIN,LW,11,0,2,2,-2,12,0,0,0,0,2,0,0,10,0.0,103:29,9:24,
Matt Benning,29,SJS,D,14,0,2,2,-5,14,0,0,0,0,2,0,0,13,0.0,258:43,18:29,
Brandon Biro,25,BUF,F,5,2,0,2,0,0,2,0,0,0,0,0,0,2,100.0,54:13,10:51,
Sergei Bobrovsky,35,FLA,G,58,0,2,2,0,4,0,0,0,0,0,2,0,0,,3414:14,58:52,"ASG,ASnhl-3,Vezina-3"
Philip Broberg,22,EDM,D,12,0,2,2,-3,0,0,0,0,0,1,1,0,6,0.0,139:25,11:37,
Jake Christiansen,24,CBJ,D,12,0,2,2,-5,2,0,0,0,0,2,0,0,7,0.0,158:38,13:13,
Maxwell Crozier,23,TBL,D,13,0,2,2,-2,7,0,0,0,0,2,0,0,13,0.0,168:09,12:56,
Kirby Dach,23,MTL,C,2,0,2,2,2,0,0,0,0,0,2,0,0,3,0.0,26:02,13:01,
Adam Edstrom,23,NYR,C,11,2,0,2,2,2,2,0,0,0,0,0,0,7,28.6,92:31,8:25,
Simon Edvinsson,20,DET,D,16,1,1,2,0,4,1,0,0,0,1,0,0,13,7.7,292:05,18:15,
Adam Erne,28,EDM,LW,24,1,1,2,0,9,1,0,0,0,1,0,0,13,7.7,187:39,7:49,
Alexandar Georgiev,27,COL,G,63,0,2,2,0,4,0,0,0,0,2,0,0,0,,3637:57,57:45,"ASG,ASnhl-15"
Collin Graf,21,SJS,F,7,0,2,2,-4,0,0,0,0,0,1,1,0,7,0.0,116:10,16:36,
Benoit-Olivier Groulx,23,ANA,C,45,0,2,2,-9,22,0,0,0,0,2,0,0,32,0.0,548:29,12:11,
Denis Gurianov,26,2TM,RW,18,1,1,2,4,0,1,0,0,0,1,0,0,26,3.8,219:49,12:13,
Denis Gurianov,26,NSH,RW,14,1,1,2,4,0,1,0,0,0,1,0,0,22,4.5,176:10,12:35,
Denis Gurianov,26,PHI,RW,4,0,0,0,0,0,0,0,0,0,0,0,0,4,0.0,43:39,10:55,
Daniil Gushchin,21,SJS,LW,4,1,1,2,-2,0,1,0,0,0,1,0,0,4,25.0,58:44,14:41,
Santeri Hatakka,23,NJD,D,12,0,2,2,5,4,0,0,0,0,2,0,0,12,0.0,175:45,14:39,
Matthew Highmore,27,OTT,LW,7,0,2,2,0,0,0,0,0,0,2,0,0,1,0.0,53:58,7:43,
Lane Hutson,19,MTL,D,2,0,2,2,-2,0,0,0,0,0,2,0,0,3,0.0,45:26,22:43,
Cole Koepke,25,TBL,LW,9,0,2,2,0,0,0,0,0,0,2,0,0,9,0.0,60:19,6:42,
Milan Lucic,35,BOS,LW,4,0,2,2,-1,2,0,0,0,0,2,0,0,1,0.0,47:53,11:58,
Kurtis MacDermid,29,2TM,D,45,2,1,3,4,73,2,0,0,1,1,0,0,16,12.5,217:29,4:50,
Kurtis MacDermid,29,COL,D,29,2,0,2,3,23,2,0,0,1,0,0,0,12,16.7,147:38,5:05,
Kurtis MacDermid,29,NJD,D,16,0,1,1,1,50,0,0,0,0,1,0,0,4,0.0,69:51,4:22,
Jaycob Megna,31,CHI,D,44,0,2,2,-15,22,0,0,0,0,2,0,0,28,0.0,771:01,17:31,
Carson Meyer,26,CBJ,RW,14,1,1,2,-2,2,1,0,0,0,1,0,0,10,10.0,127:42,9:07,
Ben Meyers,25,2TM,F,23,1,2,3,-4,6,1,0,0,0,2,0,0,12,8.3,232:31,10:07,
Ben Meyers,25,ANA,F,14,0,2,2,-2,6,0,0,0,0,2,0,0,5,0.0,146:28,10:28,
Ben Meyers,25,COL,F,9,1,0,1,-2,0,1,0,0,0,0,0,0,7,14.3,86:03,9:34,
Ian Mitchell,25,BOS,D,13,0,2,2,6,10,0,0,0,0,2,0,0,11,0.0,199:00,15:18,
Sam Montembeault,27,MTL,G,41,0,2,2,0,0,0,0,0,0,1,1,0,0,,2428:46,59:14,
Jordan Oesterle,31,CGY,D,22,0,2,2,-6,4,0,0,0,0,2,0,0,18,0.0,297:23,13:31,
Liam Ohgren,20,MIN,LW,4,1,1,2,0,0,1,0,0,1,1,0,0,8,12.5,58:03,14:31,
Nic Petan,28,MIN,C,6,0,2,2,-2,2,0,0,0,0,1,1,0,11,0.0,65:00,10:50,
Vasily Podkolzin,22,VAN,RW,19,0,2,2,-4,8,0,0,0,0,2,0,0,20,0.0,205:23,10:49,
Vasiliy Ponomarev,21,CAR,C,2,1,1,2,1,0,1,0,0,0,1,0,0,1,100.0,19:21,9:41,
Cayden Primeau,24,MTL,G,23,0,2,2,0,2,0,0,0,0,1,1,0,0,,1324:50,57:36,
Mikael Pyyhtia,22,CBJ,LW,17,0,2,2,-5,0,0,0,0,0,2,0,0,22,0.0,223:37,13:09,
Matt Rempe,21,NYR,C,17,1,1,2,1,71,1,0,0,1,1,0,0,12,8.3,95:38,5:38,
Lukáš Rousek,24,BUF,RW,15,0,2,2,-1,0,0,0,0,0,2,0,0,4,0.0,159:25,10:38,
Juuse Saros,28,NSH,G,64,0,2,2,0,2,0,0,0,0,1,1,0,0,,3624:38,56:38,"ASnhl-7,Vezina-5"
Akira Schmid,23,NJD,G,19,0,2,2,0,2,0,0,0,0,1,1,0,0,,914:09,48:07,
Jiri Smejkal,27,OTT,F,20,1,1,2,-6,4,1,0,0,0,1,0,0,10,10.0,189:34,9:29,
Ilya Sorokin,28,NYI,G,56,0,2,2,0,0,0,0,0,0,1,1,0,0,,3325:59,59:24,Vezina-8
Logan Stanley,25,WPG,D,25,1,1,2,4,36,1,0,0,0,1,0,0,29,3.4,344:11,13:46,
Anthony Stolarz,30,FLA,G,27,0,2,2,0,2,0,0,0,0,1,1,0,1,0.0,1506:27,55:48,
Tyler Tucker,23,STL,D,26,1,1,2,1,42,1,0,0,0,1,0,0,17,5.9,323:43,12:27,
Riley Tufte,25,COL,LW,5,1,1,2,-2,2,1,0,0,1,1,0,0,7,14.3,55:36,11:07,
Andrei Vasilevskiy,29,TBL,G,52,0,2,2,0,2,0,0,0,0,2,0,0,0,,3062:52,58:54,ASnhl-10
Karel Vejmelka,27,ARI,G,38,0,2,2,0,2,0,0,0,0,1,0,1,0,,2040:08,53:41,
Chris Wagner,32,COL,C,13,1,1,2,3,9,1,0,0,0,1,0,0,16,6.3,96:54,7:27,
Jake Allen,33,2TM,G,34,0,1,1,0,2,0,0,0,0,1,0,0,1,0.0,1986:53,58:26,
Jake Allen,33,MTL,G,21,0,1,1,0,2,0,0,0,0,1,0,0,1,0.0,1216:20,57:55,
Jake Allen,33,NJD,G,13,0,0,0,0,0,0,0,0,0,0,0,0,0,,770:33,59:16,
Frederik Andersen,34,CAR,G,16,0,1,1,0,0,0,0,0,0,1,0,0,0,,912:53,57:03,
Nicklas Bäckström,36,WSH,C,8,0,1,1,-3,2,0,0,0,0,1,0,0,12,0.0,116:28,14:34,
Nick Blankenburg,25,CBJ,D,12,1,0,1,1,4,1,0,0,0,0,0,0,10,10.0,194:35,16:13,
Patrick Brown,31,BOS,C,11,0,1,1,-3,2,0,0,0,0,1,0,0,7,0.0,97:05,8:50,
Nikita Chibrikov,20,WPG,RW,1,1,0,1,0,0,1,0,0,1,0,0,0,3,33.3,11:03,11:03,
Kale Clague,25,BUF,D,3,0,1,1,0,2,0,0,0,0,1,0,0,2,0.0,36:49,12:16,
Sam Colangelo,22,ANA,RW,3,1,0,1,0,2,1,0,0,0,0,0,0,7,14.3,37:40,12:33,
Max Comtois,25,CAR,LW,1,0,1,1,0,0,0,0,0,0,1,0,0,1,0.0,13:04,13:04,
Lukas Cormier,21,VEG,D,2,0,1,1,1,0,0,0,0,0,0,1,0,3,0.0,34:34,17:17,
Logan Couture,34,SJS,C,6,0,1,1,0,4,0,0,0,0,1,0,0,7,0.0,112:31,18:45,
Austin Czarnik,31,DET,C,34,0,1,1,-3,12,0,0,0,0,1,0,0,24,0.0,286:55,8:26,
Nico Daws,23,NJD,G,21,0,1,1,0,0,0,0,0,0,1,0,0,0,,1144:03,54:29,
Luca Del Bel Belluz,20,CBJ,C,1,1,0,1,1,0,1,0,0,0,0,0,0,2,50.0,9:35,9:35,
Thatcher Demko,28,VAN,G,51,0,1,1,0,0,0,0,0,0,0,0,1,0,,3015:53,59:08,"ASG,ASnhl-2,Byng-71,Vezina-2"
Casey DeSmith,32,VAN,G,29,0,1,1,0,0,0,0,0,0,1,0,0,0,,1663:29,57:22,
Justin Dowling,33,NJD,C,2,1,0,1,-2,0,1,0,0,0,0,0,0,3,33.3,21:03,10:32,
Samuel Fagemo,23,2TM,LW,8,1,0,1,-1,0,0,1,0,0,0,0,0,13,7.7,73:29,9:11,
Samuel Fagemo,23,NSH,LW,4,1,0,1,0,0,0,1,0,0,0,0,0,7,14.3,39:17,9:49,
Samuel Fagemo,23,LAK,LW,4,0,0,0,-1,0,0,0,0,0,0,0,0,6,0.0,34:12,8:33,
Marc-André Fleury,39,MIN,G,40,0,1,1,0,4,0,0,0,0,1,0,0,0,,2232:40,55:49,Byng-9
Callan Foote,25,NJD,D,4,0,1,1,3,16,0,0,0,0,1,0,0,0,,59:04,14:46,
Nolan Foote,23,NJD,LW,4,1,0,1,-1,0,1,0,0,0,0,0,0,6,16.7,40:24,10:06,
Anton Forsberg,31,OTT,G,30,0,1,1,0,2,0,0,0,0,1,0,0,0,,1569:45,52:20,
Jean-Luc Foudy,21,COL,C,4,1,0,1,1,0,1,0,0,0,0,0,0,2,50.0,25:45,6:26,
Mark Friedman,28,VAN,D,23,0,1,1,4,21,0,0,0,0,1,0,0,16,0.0,281:21,12:14,
Byron Froese,32,VEG,C,16,0,1,1,-2,4,0,0,0,0,1,0,0,17,0.0,170:42,10:40,
Cutter Gauthier,20,ANA,LW,1,0,1,1,1,0,0,0,0,0,1,0,0,3,0.0,15:24,15:24,
Brandon Gignac,26,MTL,C,7,1,0,1,-3,0,1,0,0,0,0,0,0,7,14.3,81:31,11:39,
Adam Ginning,24,PHI,D,9,1,0,1,0,0,1,0,0,0,0,0,0,6,16.7,127:21,14:09,
Philipp Grubauer,32,SEA,G,36,0,1,1,0,4,0,0,0,0,0,0,1,0,,1996:36,55:28,
Jonathan Gruden,23,PIT,C,13,1,0,1,-2,5,1,0,0,0,0,0,0,9,11.1,112:45,8:40,
Filip Gustavsson,25,MIN,G,45,0,1,1,0,0,0,0,0,0,1,0,0,0,,2526:33,56:09,
Hardy Haman Aktell,25,WSH,D,6,0,1,1,-2,2,0,0,0,0,1,0,0,5,0.0,63:47,10:38,
Carter Hart,25,PHI,G,26,0,1,1,0,0,0,0,0,0,1,0,0,0,,1455:11,55:58,
Adin Hill,27,VEG,G,35,0,1,1,0,0,0,0,0,0,1,0,0,0,,1968:49,56:15,
Joel Hofer,23,STL,G,30,0,1,1,0,4,0,0,0,0,1,0,0,1,0.0,1628:39,54:17,"AR-2,Calder-11"
Daemon Hunt,21,MIN,D,12,0,1,1,-1,0,0,0,0,0,1,0,0,7,0.0,138:03,11:30,
Ville Husso,28,DET,G,19,0,1,1,0,0,0,0,0,0,1,0,0,0,,1012:55,53:19,
Ruslan Iskhakov,23,NYI,C,1,0,1,1,0,0,0,0,0,0,0,1,0,2,0.0,14:11,14:11,
Tristan Jarry,28,PIT,G,51,1,0,1,0,4,1,0,0,0,0,0,0,3,33.3,2740:38,53:44,
Roby Jarventie,21,OTT,LW,7,0,1,1,-5,4,0,0,0,0,1,0,0,5,0.0,52:39,7:31,
Jan Jeník,23,ARI,RW,5,0,1,1,-1,5,0,0,0,0,1,0,0,2,0.0,41:53,8:23,
Lucas Johansen,26,WSH,D,6,0,1,1,1,4,0,0,0,0,1,0,0,4,0.0,85:36,14:16,
Kaapo Kähkönen,27,2TM,G,37,0,1,1,0,4,0,0,0,0,0,1,0,0,,1914:13,51:44,
Kaapo Kähkönen,27,SJS,G,31,0,1,1,0,4,0,0,0,0,0,1,0,0,,1651:26,53:16,
Kaapo Kähkönen,27,NJD,G,6,0,0,0,0,0,0,0,0,0,0,0,0,0,,262:47,43:48,
Miloš Kelemen,24,ARI,F,10,0,1,1,-2,0,0,0,0,0,1,0,0,5,0.0,76:49,7:41,
Adam Klapka,23,CGY,F,6,1,0,1,-1,19,1,0,0,0,0,0,0,4,25.0,40:34,6:46,
Tyler Kleven,22,OTT,D,9,0,1,1,-1,2,0,0,0,0,1,0,0,7,0.0,113:51,12:39,
Nikolai Knyzhov,25,SJS,D,10,0,1,1,-6,6,0,0,0,0,1,0,0,6,0.0,176:25,17:39,
Joonas Korpisalo,29,OTT,G,55,0,1,1,0,0,0,0,0,0,1,0,0,0,,3080:28,56:01,
Darcy Kuemper,33,WSH,G,33,0,1,1,0,0,0,0,0,0,1,0,0,0,,1866:32,56:34,
Rasmus Kupari,23,WPG,C,28,0,1,1,-5,4,0,0,0,0,1,0,0,28,0.0,255:57,9:08,
Maxime Lajoie,26,TOR,D,7,0,1,1,1,0,0,0,0,0,0,1,0,1,0.0,89:01,12:43,
Brad Lambert,20,WPG,C,1,0,1,1,1,0,0,0,0,0,1,0,0,2,0.0,13:51,13:51,
Kevin Lankinen,28,NSH,G,24,0,1,1,0,0,0,0,0,0,0,1,0,0,,1191:25,49:39,
John Leonard,25,ARI,LW,6,1,0,1,-1,0,1,0,0,0,0,0,0,5,20.0,41:12,6:52,
William Lockwood,25,FLA,RW,26,0,1,1,2,16,0,0,0,0,1,0,0,19,0.0,213:10,8:12,
Ukko-Pekka Luukkonen,24,BUF,G,54,0,1,1,0,8,0,0,0,0,1,0,0,0,,3081:14,57:04,ASnhl-12
Alex Lyon,31,DET,G,44,0,1,1,0,2,0,0,0,0,0,1,0,0,,2498:51,56:48,
Mackenzie MacEachern,29,STL,LW,8,0,1,1,-1,0,0,0,0,0,1,0,0,4,0.0,62:57,7:52,
Logan Mailloux,20,MTL,D,1,0,1,1,1,0,0,0,0,0,1,0,0,2,0.0,21:14,21:14,
Dylan McIlrath,31,WSH,D,3,0,1,1,1,5,0,0,0,0,1,0,0,1,0.0,30:54,10:18,
Marc McLaughlin,24,BOS,F,1,1,0,1,1,0,1,0,0,0,0,0,0,2,50.0,12:39,12:39,
Waltteri Merela,25,TBL,F,19,1,0,1,2,4,1,0,0,0,0,0,0,17,5.9,186:30,9:49,
Jacob Moverare,25,LAK,D,24,1,0,1,0,6,1,0,0,0,0,0,0,11,9.1,250:43,10:27,
Shakir Mukhamadullin,22,SJS,D,3,0,1,1,0,4,0,0,0,0,0,1,0,5,0.0,63:28,21:09,
Frank Nazar,20,CHI,C,3,1,0,1,-4,0,1,0,0,0,0,0,0,2,50.0,48:26,16:09,
Nikita Nesterenko,22,ANA,C,3,1,0,1,0,0,1,0,0,0,0,0,0,7,14.3,34:34,11:31,
Jason Polin,24,COL,F,7,1,0,1,1,2,1,0,0,0,0,0,0,6,16.7,51:58,7:25,
Jonathan Quick,38,NYR,G,27,0,1,1,0,8,0,0,0,0,1,0,0,0,,1582:44,58:37,
Aku Raty,22,ARI,RW,1,0,1,1,0,0,0,0,0,0,1,0,0,0,,11:45,11:45,
Calle Rosén,29,STL,D,6,0,1,1,-1,2,0,0,0,0,1,0,0,5,0.0,75:59,12:40,
Ilya Samsonov,26,TOR,G,40,0,1,1,0,0,0,0,0,0,1,0,0,0,,2300:58,57:31,
Ryan Shea,26,PIT,D,31,1,0,1,1,6,1,0,0,0,0,0,0,17,5.9,391:22,12:37,
Igor Shesterkin,28,NYR,G,55,0,1,1,0,6,0,0,0,0,1,0,0,1,0.0,3277:06,59:35,"ASG,ASnhl-4,Vezina-4"
Jack St. Ivany,24,PIT,D,14,0,1,1,0,2,0,0,0,0,1,0,0,11,0.0,191:50,13:42,
Oskar Steen,25,BOS,C,34,1,0,1,-2,4,1,0,0,0,0,0,0,24,4.2,308:23,9:04,
Jack Studnicka,24,2TM,C,22,1,0,1,-12,6,1,0,0,0,0,0,0,20,5.0,251:56,11:27,
Jack Studnicka,24,VAN,C,5,1,0,1,2,0,1,0,0,0,0,0,0,4,25.0,50:57,10:11,
Jack Studnicka,24,SJS,C,17,0,0,0,-14,6,0,0,0,0,0,0,0,16,0.0,200:59,11:49,
Jeremy Swayman,25,BOS,G,44,0,1,1,0,0,0,0,0,0,0,1,0,1,0.0,2565:51,58:19,"ASG,ASnhl-6,Byng-44,Vezina-7"
Linus Ullmark,30,BOS,G,40,0,1,1,0,2,0,0,0,0,0,0,1,0,,2400:08,60:00,"ASnhl-12,Byng-49,Vezina-6"
Vítek Vaněček,28,NJD,G,32,0,1,1,0,0,0,0,0,0,1,0,0,0,,1791:49,55:60,
Egor Afanasyev,23,NSH,LW,2,0,0,0,-1,0,0,0,0,0,0,0,0,5,0.0,25:59,12:60,
Emil Andrae,21,PHI,D,4,0,0,0,-1,0,0,0,0,0,0,0,0,0,,52:00,13:00,
Tyler Angle,23,CBJ,C,2,0,0,0,-1,0,0,0,0,0,0,0,0,0,,16:40,8:20,
Justus Annunen,23,COL,G,14,0,0,0,0,0,0,0,0,0,0,0,0,0,,801:05,57:13,
Kenneth Appleby,28,NYI,G,1,0,0,0,0,0,0,0,0,0,0,0,0,0,,20:00,20:00,
Yaroslav Askarov,21,NSH,G,2,0,0,0,0,0,0,0,0,0,0,0,0,0,,81:40,40:50,
Zach Aston-Reese,29,DET,C,3,0,0,0,0,2,0,0,0,0,0,0,0,1,0.0,15:28,5:09,
Arshdeep Bains,23,VAN,F,8,0,0,0,-5,6,0,0,0,0,0,0,0,4,0.0,94:27,11:48,
Tobias Björnfot,22,3TM,D,4,0,0,0,-2,2,0,0,0,0,0,0,0,1,0.0,55:14,13:49,
Tobias Björnfot,22,FLA,D,1,0,0,0,0,0,0,0,0,0,0,0,0,1,0.0,17:01,17:01,
Tobias Björnfot,22,LAK,D,1,0,0,0,0,0,0,0,0,0,0,0,0,0,,10:12,10:12,
Tobias Björnfot,22,VEG,D,2,0,0,0,-2,2,0,0,0,0,0,0,0,0,,28:01,14:01,
Mackenzie Blackwood,27,SJS,G,44,0,0,0,0,2,0,0,0,0,0,0,0,0,,2437:08,55:23,
Jackson Blake,20,CAR,RW,1,0,0,0,-2,0,0,0,0,0,0,0,0,2,0.0,15:18,15:18,
Anton Blidh,28,NYR,LW,1,0,0,0,-1,2,0,0,0,0,0,0,0,1,0.0,5:21,5:21,
Robert Bortuzzo,34,2TM,D,27,0,0,0,0,27,0,0,0,0,0,0,0,11,0.0,370:44,13:44,
Robert Bortuzzo,34,NYI,D,23,0,0,0,-2,20,0,0,0,0,0,0,0,10,0.0,329:10,14:19,
Robert Bortuzzo,34,STL,D,4,0,0,0,2,7,0,0,0,0,0,0,0,1,0.0,41:34,10:24,
Mavrik Bourque,22,DAL,C,1,0,0,0,0,0,0,0,0,0,0,0,0,2,0.0,10:56,10:56,
Shane Bowers,24,NJD,C,8,0,0,0,1,0,0,0,0,0,0,0,0,7,0.0,75:39,9:27,
Gavin Brindley,19,CBJ,C,1,0,0,0,0,0,0,0,0,0,0,0,0,0,,12:20,12:20,
Laurent Brossoit,30,WPG,G,23,0,0,0,0,2,0,0,0,0,0,0,0,0,,1351:02,58:44,
Callahan Burke,26,CAR,C,1,0,0,0,0,0,0,0,0,0,0,0,0,0,,7:06,7:06,
Cameron Butler,21,CBJ,F,1,0,0,0,0,0,0,0,0,0,0,0,0,0,,0:54,0:54,
Jack Campbell,32,EDM,G,5,0,0,0,0,0,0,0,0,0,0,0,0,0,,266:47,53:21,
Declan Carlile,23,TBL,D,1,0,0,0,1,0,0,0,0,0,0,0,0,0,,11:27,11:27,
Magnus Chrona,23,SJS,G,9,0,0,0,0,0,0,0,0,0,0,0,0,0,,471:15,52:22,
Graeme Clarke,22,NJD,RW,3,0,0,0,-2,2,0,0,0,0,0,0,0,2,0.0,34:09,11:23,
Dylan Coghlan,25,CAR,D,1,0,0,0,-2,0,0,0,0,0,0,0,0,3,0.0,17:59,17:59,
Eric Comrie,28,BUF,G,10,0,0,0,0,0,0,0,0,0,0,0,0,0,,519:54,51:59,
Lucas Condotta,26,MTL,F,3,0,0,0,1,0,0,0,0,0,0,0,0,2,0.0,22:30,7:30,
Devin Cooley,26,SJS,G,6,0,0,0,0,0,0,0,0,0,0,0,0,0,,301:29,50:15,
Pheonix Copley,32,LAK,G,8,0,0,0,0,0,0,0,0,0,0,0,0,0,,436:17,54:32,
Cameron Crotty,24,ARI,D,1,0,0,0,-1,0,0,0,0,0,0,0,0,0,,10:03,10:03,
Joey Daccord,27,SEA,G,50,0,0,0,0,0,0,0,0,0,0,0,0,0,,2832:47,56:39,ASnhl-12
Zach Dean,21,STL,C,9,0,0,0,-4,6,0,0,0,0,0,0,0,10,0.0,94:59,10:33,
Ethan Del Mastro,21,CHI,D,2,0,0,0,0,0,0,0,0,0,0,0,0,0,,37:09,18:35,
Grigori Denisenko,23,VEG,LW,6,0,0,0,-3,2,0,0,0,0,0,0,0,5,0.0,65:05,10:51,
Louis Domingue,31,NYR,G,1,0,0,0,0,0,0,0,0,0,0,0,0,0,,60:00,60:00,
Lukáš Dostál,23,ANA,G,44,0,0,0,0,8,0,0,0,0,0,0,0,0,,2322:49,52:47,
Chris Driedger,29,SEA,G,2,0,0,0,0,0,0,0,0,0,0,0,0,0,,119:35,59:48,
Pierrick Dube,23,WSH,F,3,0,0,0,1,2,0,0,0,0,0,0,0,3,0.0,27:59,9:20,
Samuel Ersson,24,PHI,G,51,0,0,0,0,4,0,0,0,0,0,0,0,0,,2809:28,55:05,"AR-3,Calder-10"
Ivan Fedotov,27,PHI,G,3,0,0,0,0,0,0,0,0,0,0,0,0,0,,121:09,40:23,
Cale Fleury,25,SEA,D,1,0,0,0,1,0,0,0,0,0,0,0,0,1,0.0,13:30,13:30,
Rhett Gardner,27,PHI,C,1,0,0,0,0,0,0,0,0,0,0,0,0,0,,7:28,7:28,
Adam Gaudette,27,STL,C,2,0,0,0,0,4,0,0,0,0,0,0,0,0,,19:36,9:48,
Glenn Gawdin,26,ANA,C,1,0,0,0,-1,2,0,0,0,0,0,0,0,0,,7:35,7:35,
John Gibson,30,ANA,G,46,0,0,0,0,12,0,0,0,0,0,0,0,0,,2561:29,55:41,
Gage Goncalves,23,TBL,C,2,0,0,0,0,6,0,0,0,0,0,0,0,0,,19:55,9:58,
Jet Greaves,22,CBJ,G,9,0,0,0,0,0,0,0,0,0,0,0,0,0,,515:52,57:19,
Max Guenette,22,OTT,D,7,0,0,0,-1,2,0,0,0,0,0,0,0,6,0.0,96:31,13:47,
Robert Hägg,28,ANA,D,5,0,0,0,-4,4,0,0,0,0,0,0,0,6,0.0,63:55,12:47,
Brian Halonen,25,NJD,F,2,0,0,0,0,0,0,0,0,0,0,0,0,2,0.0,16:34,8:17,
John Hayden,28,SEA,C,2,0,0,0,-1,0,0,0,0,0,0,0,0,1,0.0,13:27,6:44,
Emil Heineman,22,MTL,LW,4,0,0,0,2,0,0,0,0,0,0,0,0,0,,39:49,9:57,
Magnus Hellberg,32,PIT,G,3,0,0,0,0,0,0,0,0,0,0,0,0,0,,119:53,39:58,
Connor Hellebuyck,30,WPG,G,60,0,0,0,0,2,0,0,0,0,0,0,0,0,,3567:20,59:27,"ASG,ASnhl-1,Hart-6,Jennings-1,Vezina-1"
Akito Hirose,24,VAN,D,3,0,0,0,1,0,0,0,0,0,0,0,0,0,,36:19,12:06,
Michael Hutchinson,33,DET,G,1,0,0,0,0,0,0,0,0,0,0,0,0,0,,57:48,57:48,
Grant Hutton,28,NYI,D,2,0,0,0,1,0,0,0,0,0,0,0,0,0,,17:32,8:46,
Bokondji Imama,27,OTT,LW,6,0,0,0,1,7,0,0,0,0,0,0,0,1,0.0,33:31,5:35,
Vincent Iorio,21,WSH,D,6,0,0,0,1,0,0,0,0,0,0,0,0,6,0.0,58:57,9:50,
Jonas Johansson,28,TBL,G,26,0,0,0,0,0,0,0,0,0,0,0,0,0,,1477:29,56:50,
Marc Johnstone,27,PIT,F,1,0,0,0,-1,0,0,0,0,0,0,0,0,0,,7:19,7:19,
Martin Jones,34,TOR,G,22,0,0,0,0,0,0,0,0,0,0,0,0,0,,1169:40,53:10,
Linus Karlsson,24,VAN,C,4,0,0,0,0,0,0,0,0,0,0,0,0,4,0.0,40:35,10:09,
Philip Kemp,24,EDM,D,1,0,0,0,0,0,0,0,0,0,0,0,0,0,,2:03,2:03,
Jujhar Khaira,29,MIN,LW,1,0,0,0,0,0,0,0,0,0,0,0,0,1,0.0,8:05,8:05,
Justin Kirkland,27,ARI,LW,2,0,0,0,0,0,0,0,0,0,0,0,0,1,0.0,14:27,7:14,
Patrik Koch,27,ARI,D,1,0,0,0,0,10,0,0,0,0,0,0,0,1,0.0,9:20,9:20,
Pyotr Kochetkov,24,CAR,G,42,0,0,0,0,8,0,0,0,0,0,0,0,0,,2371:29,56:28,"AR-1,Calder-4"
Joona Koppanen,25,PIT,LW,4,0,0,0,0,0,0,0,0,0,0,0,0,4,0.0,31:14,7:49,
Jiri Kulich,19,BUF,C,1,0,0,0,-1,0,0,0,0,0,0,0,0,1,0.0,14:53,14:53,
Yan Kuznetsov,21,CGY,D,1,0,0,0,-1,0,0,0,0,0,0,0,0,2,0.0,11:58,11:58,
Samuel Laberge,26,NJD,W,2,0,0,0,0,0,0,0,0,0,0,0,0,0,,6:11,3:06,
Raphael Lavoie,23,EDM,C,7,0,0,0,-2,2,0,0,0,0,0,0,0,4,0.0,51:00,7:17,
Jake Leschyshyn,24,NYR,C,1,0,0,0,-1,0,0,0,0,0,0,0,0,0,,6:28,6:28,
Devon Levi,22,BUF,G,23,0,0,0,0,0,0,0,0,0,0,0,0,0,,1294:54,56:18,
Kole Lind,25,SEA,RW,1,0,0,0,0,0,0,0,0,0,0,0,0,0,,5:59,5:59,
Oskar Lindblom,27,SJS,LW,1,0,0,0,-1,0,0,0,0,0,0,0,0,0,,11:56,11:56,
Charlie Lindgren,30,WSH,G,50,0,0,0,0,0,0,0,0,0,0,0,0,0,,2852:23,57:03,"ASnhl-11,Hart-12,Vezina-8"
Connor Mackey,27,NYR,D,1,0,0,0,1,5,0,0,0,0,0,0,0,1,0.0,16:27,16:27,
Spencer Martin,28,2TM,G,19,0,0,0,0,0,0,0,0,0,0,0,0,0,,1072:13,56:26,
Spencer Martin,28,CAR,G,6,0,0,0,0,0,0,0,0,0,0,0,0,0,,365:00,60:50,
Spencer Martin,28,CBJ,G,13,0,0,0,0,0,0,0,0,0,0,0,0,0,,707:13,54:24,
Nikolas Matinpalo,25,OTT,D,4,0,0,0,1,0,0,0,0,0,0,0,0,2,0.0,28:01,7:00,
Max McCormick,31,SEA,LW,1,0,0,0,0,0,0,0,0,0,0,0,0,0,,5:38,5:38,
Hugh McGing,25,STL,LW,5,0,0,0,-5,0,0,0,0,0,0,0,0,4,0.0,41:54,8:23,
Cole McWard,22,VAN,D,1,0,0,0,0,0,0,0,0,0,0,0,0,1,0.0,9:05,9:05,
Jayson Megna,33,BOS,C,1,0,0,0,0,0,0,0,0,0,0,0,0,0,,11:45,11:45,
Georgii Merkulov,23,BOS,F,4,0,0,0,1,0,0,0,0,0,0,0,0,3,0.0,42:19,10:35,
Elvis Merzļikins,29,CBJ,G,41,0,0,0,0,4,0,0,0,0,0,0,0,0,,2258:40,55:05,
Victor Mete,25,PHI,D,1,0,0,0,0,0,0,0,0,0,0,0,0,0,,10:52,10:52,
Fraser Minten,19,TOR,C,4,0,0,0,0,2,0,0,0,0,0,0,0,3,0.0,45:44,11:26,
Logan Morrison,21,SEA,F,4,0,0,0,-1,0,0,0,0,0,0,0,0,6,0.0,52:32,13:08,
Scott Morrow,21,CAR,D,2,0,0,0,-3,0,0,0,0,0,0,0,0,6,0.0,36:46,18:23,
Petr Mrázek,31,CHI,G,56,0,0,0,0,14,0,0,0,0,0,0,0,0,,3152:40,56:18,
Brett Murray,25,BUF,LW,2,0,0,0,-1,2,0,0,0,0,0,0,0,1,0.0,15:56,7:58,
Matt Murray,25,DAL,G,1,0,0,0,0,0,0,0,0,0,0,0,0,0,,60:00,60:00,
Philippe Myers,27,TBL,D,5,0,0,0,-2,2,0,0,0,0,0,0,0,6,0.0,58:28,11:42,
Bradly Nadeau,18,CAR,LW,1,0,0,0,-3,0,0,0,0,0,0,0,0,3,0.0,19:08,19:08,
Riley Nash,34,NYR,C,1,0,0,0,0,0,0,0,0,0,0,0,0,1,0.0,11:05,11:05,
Alex Nedeljkovic,28,PIT,G,38,0,0,0,0,0,0,0,0,0,0,0,0,0,,2060:28,54:13,
Jake Oettinger,25,DAL,G,54,0,0,0,0,2,0,0,0,0,0,0,0,0,,3084:35,57:07,"ASG,ASnhl-9"
Oskar Olausson,21,COL,RW,1,0,0,0,0,0,0,0,0,0,0,0,0,2,0.0,11:50,11:50,
Gustav Olofsson,29,SEA,D,1,0,0,0,0,0,0,0,0,0,0,0,0,0,,14:57,14:57,
Zack Ostapchuk,20,OTT,C,7,0,0,0,-1,0,0,0,0,0,0,0,0,5,0.0,73:29,10:30,
Brennan Othmann,21,NYR,LW,3,0,0,0,0,0,0,0,0,0,0,0,0,6,0.0,27:15,9:05,
Jiří Patera,24,VEG,G,6,0,0,0,0,0,0,0,0,0,0,0,0,0,,316:46,52:48,
Ondrej Pavel,23,COL,F,2,0,0,0,-1,2,0,0,0,0,0,0,0,3,0.0,12:12,6:06,
Yaniv Perets,23,CAR,G,1,0,0,0,0,0,0,0,0,0,0,0,0,0,,12:46,12:46,
Calvin Petersen,29,PHI,G,5,0,0,0,0,0,0,0,0,0,0,0,0,0,,276:55,55:23,
Jacob Peterson,24,SJS,C,6,0,0,0,-3,2,0,0,0,0,0,0,0,3,0.0,79:30,13:15,
Alexander Petrovic,31,DAL,D,1,0,0,0,-1,0,0,0,0,0,0,0,0,2,0.0,12:52,12:52,
Calvin Pickard,31,EDM,G,23,0,0,0,0,2,0,0,0,0,0,0,0,0,,1296:21,56:22,
Rem Pitlick,26,CHI,C,9,0,0,0,-7,2,0,0,0,0,0,0,0,13,0.0,140:17,15:35,
Andrew Poturalski,30,SEA,C,2,0,0,0,-1,0,0,0,0,0,0,0,0,0,,13:45,6:53,
Samuel Poulin,22,PIT,RW,3,0,0,0,-1,2,0,0,0,0,0,0,0,2,0.0,23:22,7:47,
Derrick Pouliot,30,DAL,D,5,0,0,0,-1,0,0,0,0,0,0,0,0,5,0.0,60:42,12:08,
Ivan Prosvetov,24,COL,G,11,0,0,0,0,0,0,0,0,0,0,0,0,0,,494:11,44:56,
Antti Raanta,34,CAR,G,24,0,0,0,0,0,0,0,0,0,0,0,0,0,,1265:11,52:43,
Adam Raška,22,MIN,RW,5,0,0,0,0,0,0,0,0,0,0,0,0,0,,34:03,6:49,
Pavol Regenda,24,ANA,F,5,0,0,0,-1,2,0,0,0,0,0,0,0,7,0.0,57:49,11:34,
James Reimer,35,DET,G,25,0,0,0,0,4,0,0,0,0,0,0,0,0,,1352:24,54:06,
Marshall Rifai,25,TOR,D,2,0,0,0,1,0,0,0,0,0,0,0,0,1,0.0,23:19,11:40,
David Rittich,31,LAK,G,24,0,0,0,0,0,0,0,0,0,0,0,0,0,,1364:31,56:51,
Georgi Romanov,24,SJS,G,2,0,0,0,0,0,0,0,0,0,0,0,0,0,,59:15,29:38,
Filip Roos,25,CHI,D,4,0,0,0,-4,0,0,0,0,0,0,0,0,2,0.0,58:55,14:44,
Isak Rosen,20,BUF,RW,7,0,0,0,-3,0,0,0,0,0,0,0,0,8,0.0,60:06,8:35,
Scott Sabourin,31,SJS,F,3,0,0,0,0,9,0,0,0,0,0,0,0,3,0.0,27:50,9:17,
Mackie Samoskevich,21,FLA,RW,7,0,0,0,-3,0,0,0,0,0,0,0,0,11,0.0,84:16,12:02,
Felix Sandström,27,PHI,G,5,0,0,0,0,0,0,0,0,0,0,0,0,0,,263:29,52:42,
Matthew Savoie,20,BUF,C,1,0,0,0,0,0,0,0,0,0,0,0,0,0,,3:55,3:55,
Brandon Scanlin,24,NYR,D,1,0,0,0,0,0,0,0,0,0,0,0,0,0,,10:46,10:46,
Cole Schwindt,22,CGY,RW,4,0,0,0,-1,2,0,0,0,0,0,0,0,1,0.0,27:10,6:48,
Brett Seney,27,CHI,LW,4,0,0,0,0,6,0,0,0,0,0,0,0,1,0.0,41:23,10:21,
Hunter Shepard,28,WSH,G,4,0,0,0,0,0,0,0,0,0,0,0,0,0,,244:50,61:13,
Arturs Silovs,22,VAN,G,4,0,0,0,0,0,0,0,0,0,0,0,0,0,,243:13,60:48,
Stuart Skinner,25,EDM,G,59,0,0,0,0,0,0,0,0,0,0,0,0,0,,3361:21,56:58,
Joe Snively,28,WSH,F,3,0,0,0,-1,0,0,0,0,0,0,0,0,0,,25:02,8:21,
Arvid Söderblom,24,CHI,G,32,0,0,0,0,0,0,0,0,0,0,0,0,0,,1744:20,54:31,
Victor Söderström,22,ARI,D,3,0,0,0,-1,0,0,0,0,0,0,0,0,1,0.0,45:34,15:11,
Justin Sourdif,21,FLA,RW,3,0,0,0,0,0,0,0,0,0,0,0,0,2,0.0,26:31,8:50,
Alex Steeves,24,TOR,F,1,0,0,0,-1,0,0,0,0,0,0,0,0,1,0.0,10:14,10:14,
Marián Studenič,25,SEA,RW,2,0,0,0,-1,2,0,0,0,0,0,0,0,1,0.0,16:13,8:07,
Malcolm Subban,30,CBJ,G,1,0,0,0,0,0,0,0,0,0,0,0,0,0,,60:00,60:00,
Maksymilian Szuber,21,ARI,D,1,0,0,0,-1,2,0,0,0,0,0,0,0,1,0.0,16:59,16:59,
Mads Søgaard,23,OTT,G,6,0,0,0,0,0,0,0,0,0,0,0,0,0,,281:34,46:56,
Daniil Tarasov,24,CBJ,G,24,0,0,0,0,0,0,0,0,0,0,0,0,0,,1376:28,57:21,
Jack Thompson,21,2TM,D,3,0,0,0,-2,0,0,0,0,0,0,0,0,4,0.0,47:01,15:40,
Jack Thompson,21,SJS,D,2,0,0,0,-2,0,0,0,0,0,0,0,0,3,0.0,35:22,17:41,
Jack Thompson,21,TBL,D,1,0,0,0,0,0,0,0,0,0,0,0,0,1,0.0,11:39,11:39,
Matt Tomkins,29,TBL,G,6,0,0,0,0,0,0,0,0,0,0,0,0,0,,360:13,60:02,
Semyon Varlamov,35,NYI,G,28,0,0,0,0,0,0,0,0,0,0,0,0,0,,1594:44,56:57,
Matt Villalta,24,ARI,G,2,0,0,0,0,0,0,0,0,0,0,0,0,0,,71:58,35:59,
Daniel Vladař,26,CGY,G,20,0,0,0,0,0,0,0,0,0,0,0,0,0,,1128:31,56:26,
Samuel Walker,24,MIN,C,4,0,0,0,-3,0,0,0,0,0,0,0,0,3,0.0,37:27,9:22,
Jesper Wallstedt,21,MIN,G,3,0,0,0,0,0,0,0,0,0,0,0,0,0,,179:17,59:46,
Scott Wedgewood,31,DAL,G,32,0,0,0,0,0,0,0,0,0,0,0,0,0,,1789:08,55:55,
Colin White,27,2TM,C,28,0,0,0,-5,4,0,0,0,0,0,0,0,16,0.0,266:38,9:31,
Colin White,27,MTL,C,17,0,0,0,-3,2,0,0,0,0,0,0,0,8,0.0,157:12,9:15,
Colin White,27,PIT,C,11,0,0,0,-2,2,0,0,0,0,0,0,0,8,0.0,109:26,9:57,
Ryan Winterton,20,SEA,C,9,0,0,0,-1,0,0,0,0,0,0,0,0,10,0.0,84:03,9:20,
Dustin Wolf,22,CGY,G,17,0,0,0,0,0,0,0,0,0,0,0,0,0,,950:30,55:55,
Joseph Woll,25,TOR,G,25,0,0,0,0,0,0,0,0,0,0,0,0,0,,1471:39,58:52,AR-4
League Average,,,,,,,,,,,,,,,,,,10.2,,18:43,
